序号,1.您的性别是：,2.您的年龄段：,3.您目前的职业是：,4.您目前的家庭收入情况为：,5.您是否了解人工智能这一概念？,6.您所认为的人工智能是什么?,7. 您是否拥有或使用过人工智能设备在家庭生活中？（如智能家居、健康追踪设备、无人驾驶汽车、智能娱乐设备等）,8. 如果您拥有或使用过智能家居等人工智能设备，您认为它们对家庭生活的影响如何？,9. 您认为人工智能在家庭生活中的主要应用领域是什么？,10. 你认为人工智能在家庭生活中可能存在的问题是什么？,11. 您认为人工智能对现在的家庭生活有着怎样的影响？,12. 您认为人工智能在未来家庭生活中的发展方向是什么？,13. 您是否认为人工智能在家庭生活中的发展应该注重什么？,14. 您是否担心人工智能会取代人类在家庭生活中的角色？,15. 您是否认为人工智能在家庭生活中的应用需要更多的监管与规范？,16. 您认为未来人工智能会成为家庭生活中的主流吗？,17.您是否想要在未来家庭生活中尝试使用人工智能设备？（如智能家居、健康追踪设备、无人驾驶汽车、智能娱乐设备等）,18.您最想在未来家庭生活中尝试的人工智能设备是什么？,19.您不想在家庭生活中使用人工智能设备的原因是：,20. 您对人工智能在家庭生活中的发展有什么期待或建议？,Q6_(跳过),Q6_一种模拟人类智能行为的计算机系统或机器,Q6_其他（请注明）,Q6_其他（请注明）〖智力化结构思维〗,Q6_就是机器人,Q8_(跳过),Q8_提高了生活的便利性,Q8_提高了生活的娱乐性,Q8_提高了生活的安全性,Q8_提高了生活的舒适度,Q9_(跳过),Q9_健康监测与管理,Q9_儿童教育与娱乐,Q9_其他（请注明）〖ChatGPT〗,Q9_家庭安全与监控,Q9_日常出行,Q9_智能家居控制,Q9_社交与娱乐,Q9_购物与消费,Q10_(跳过),Q10_人机关系失衡,Q10_其他（请注明）〖不可能完全替代人〗,Q10_对人类智力的替代性威胁,Q10_技术故障与不稳定性,Q10_社会交往与互动的减少,Q10_隐私安全问题,Q12_(跳过),Q12_更个性化的智能助理,Q12_更智能化的儿童教育与娱乐,Q12_更智能化的家居设备,Q12_更智能化的家庭健康管理,Q12_更智能化的家庭安全与监控,Q13_(跳过),Q13_与人的情感交流,Q13_个性化体验,Q13_其他（请注明）,Q13_其他（请注明）〖更便宜〗,Q13_其他（请注明）〖重视〗,Q13_安全性能提升（隐私保护、防监控等）,Q13_完善技术,Q13_平衡人机关系,Q13_更加便利,Q18_(跳过),Q18_健康追踪系统（监控睡眠状况、血压水平等）,Q18_其他（请注明）,Q18_其他（请注明）〖育儿智能助手，智能养老助手〗,Q18_其他（请注明）〖重视起来〗,Q18_无人驾驶汽车,Q18_智能娱乐设备,Q18_智能家居,Q18_智能车载,Q19_(跳过),Q19_价格太贵,Q19_其他（请注明）,Q19_安全性不确定（担心监视、信息泄露等）,Q19_更喜欢遵循传统
1,1,1,0,1,2,一种模拟人类智能行为的计算机系统或机器,是,提高了生活的便利性┋提高了生活的安全性┋提高了生活的舒适度┋提高了生活的娱乐性,智能家居控制┋健康监测与管理┋家庭安全与监控┋日常出行,隐私安全问题┋人机关系失衡┋对人类智力的替代性威胁┋社会交往与互动的减少,1.0,更智能化的家居设备┋更个性化的智能助理┋更智能化的家庭健康管理┋更智能化的家庭安全与监控┋更智能化的儿童教育与娱乐,完善技术┋更加便利┋个性化体验┋平衡人机关系┋安全性能提升（隐私保护、防监控等）┋与人的情感交流,1.0,3.0,2.0,1.0,智能家居┋无人驾驶汽车┋智能车载┋健康追踪系统（监控睡眠状况、血压水平等）┋智能娱乐设备,(跳过),希望人工智能能最大便利我们未来的家庭生活,0,1,0,0,0,0,1,1,1,1,0,1,0,0,1,1,1,0,0,0,1,0,1,0,1,1,0,1,1,1,1,1,0,1,1,0,0,0,1,1,1,1,0,1,0,0,0,1,1,1,1,1,0,0,0,0
2,1,4,1,1,1,一种模拟人类智能行为的计算机系统或机器,是,提高了生活的便利性┋提高了生活的安全性┋提高了生活的舒适度┋提高了生活的娱乐性,智能家居控制┋家庭安全与监控┋社交与娱乐,隐私安全问题┋技术故障与不稳定性┋社会交往与互动的减少,1.0,更智能化的家居设备┋更个性化的智能助理┋更智能化的家庭健康管理┋更智能化的家庭安全与监控┋更智能化的儿童教育与娱乐,完善技术┋更加便利┋安全性能提升（隐私保护、防监控等）,1.0,3.0,2.0,1.0,无人驾驶汽车┋健康追踪系统（监控睡眠状况、血压水平等）┋智能娱乐设备,(跳过),合理使用,0,1,0,0,0,0,1,1,1,1,0,0,0,0,1,0,1,1,0,0,0,0,0,1,1,1,0,1,1,1,1,1,0,0,0,0,0,0,1,1,0,1,0,1,0,0,0,1,1,0,0,1,0,0,0,0
3,0,5,1,1,1,一种模拟人类智能行为的计算机系统或机器,否,(跳过),智能家居控制┋家庭安全与监控┋社交与娱乐,隐私安全问题┋社会交往与互动的减少,2.0,更个性化的智能助理┋更智能化的家庭安全与监控,完善技术┋个性化体验┋平衡人机关系┋安全性能提升（隐私保护、防监控等）┋与人的情感交流,1.0,3.0,2.0,1.0,智能家居┋智能车载┋健康追踪系统（监控睡眠状况、血压水平等）┋智能娱乐设备,(跳过),无,0,1,0,0,0,1,0,0,0,0,0,0,0,0,1,0,1,1,0,0,0,0,0,0,1,1,0,1,0,0,0,1,0,1,1,0,0,0,1,1,1,0,0,1,0,0,0,0,1,1,1,1,0,0,0,0
4,1,1,0,1,2,就是机器人┋一种模拟人类智能行为的计算机系统或机器,是,提高了生活的便利性┋提高了生活的舒适度,智能家居控制┋健康监测与管理┋家庭安全与监控┋儿童教育与娱乐,隐私安全问题┋技术故障与不稳定性,1.0,更智能化的家居设备┋更智能化的家庭健康管理┋更智能化的家庭安全与监控┋更智能化的儿童教育与娱乐,完善技术┋更加便利┋个性化体验┋安全性能提升（隐私保护、防监控等）,0.0,3.0,2.0,1.0,智能家居,(跳过),无,0,1,0,0,1,0,1,0,0,1,0,1,1,0,1,0,1,0,0,0,0,0,0,1,0,1,0,0,1,1,1,1,0,0,1,0,0,0,1,1,0,1,0,0,0,0,0,0,0,1,0,1,0,0,0,0
5,0,1,0,1,2,一种模拟人类智能行为的计算机系统或机器,是,提高了生活的便利性┋提高了生活的舒适度┋提高了生活的娱乐性,智能家居控制┋健康监测与管理┋家庭安全与监控┋日常出行┋儿童教育与娱乐┋购物与消费┋社交与娱乐,隐私安全问题┋人机关系失衡┋技术故障与不稳定性┋对人类智力的替代性威胁┋社会交往与互动的减少,1.0,更智能化的家居设备┋更个性化的智能助理┋更智能化的家庭健康管理┋更智能化的家庭安全与监控┋更智能化的儿童教育与娱乐,完善技术┋更加便利┋个性化体验┋平衡人机关系┋安全性能提升（隐私保护、防监控等）┋与人的情感交流,1.0,3.0,2.0,1.0,智能家居┋无人驾驶汽车┋智能车载┋健康追踪系统（监控睡眠状况、血压水平等）┋智能娱乐设备,(跳过),无,0,1,0,0,0,0,1,1,0,1,0,1,1,0,1,1,1,1,1,0,1,0,1,1,1,1,0,1,1,1,1,1,0,1,1,0,0,0,1,1,1,1,0,1,0,0,0,1,1,1,1,1,0,0,0,0
6,1,4,7,0,0,(跳过),(跳过),(跳过),(跳过),(跳过),,(跳过),(跳过),,,,,(跳过),(跳过),(跳过),1,0,0,0,0,1,0,0,0,0,1,0,0,0,0,0,0,0,0,1,0,0,0,0,0,0,1,0,0,0,0,0,1,0,0,0,0,0,0,0,0,0,1,0,0,0,0,0,0,0,0,1,0,0,0,0
7,0,5,2,1,3,一种模拟人类智能行为的计算机系统或机器┋其他（请注明）〖智力化结构思维〗,是,提高了生活的便利性┋提高了生活的舒适度,智能家居控制┋家庭安全与监控┋购物与消费,人机关系失衡┋社会交往与互动的减少,2.0,更智能化的家居设备┋更个性化的智能助理┋更智能化的家庭健康管理┋更智能化的家庭安全与监控,完善技术┋更加便利┋个性化体验┋平衡人机关系┋安全性能提升（隐私保护、防监控等）,0.0,3.0,2.0,1.0,智能家居┋无人驾驶汽车┋智能车载┋健康追踪系统（监控睡眠状况、血压水平等）,(跳过),加快智能速度,0,1,0,1,0,0,1,0,0,1,0,0,0,0,1,0,1,0,1,0,1,0,0,0,1,0,0,1,0,1,1,1,0,0,1,0,0,0,1,1,1,1,0,1,0,0,0,1,0,1,1,1,0,0,0,0
8,1,3,1,1,0,(跳过),(跳过),(跳过),(跳过),(跳过),,(跳过),(跳过),,,,,(跳过),(跳过),(跳过),1,0,0,0,0,1,0,0,0,0,1,0,0,0,0,0,0,0,0,1,0,0,0,0,0,0,1,0,0,0,0,0,1,0,0,0,0,0,0,0,0,0,1,0,0,0,0,0,0,0,0,1,0,0,0,0
9,0,1,0,1,2,一种模拟人类智能行为的计算机系统或机器,是,提高了生活的便利性┋提高了生活的舒适度,日常出行┋儿童教育与娱乐┋社交与娱乐,人机关系失衡┋技术故障与不稳定性┋对人类智力的替代性威胁,2.0,更个性化的智能助理┋更智能化的儿童教育与娱乐,更加便利┋个性化体验┋平衡人机关系┋与人的情感交流,0.0,3.0,1.0,1.0,无人驾驶汽车┋智能车载┋健康追踪系统（监控睡眠状况、血压水平等）┋智能娱乐设备,(跳过),无,0,1,0,0,0,0,1,0,0,1,0,0,1,0,0,1,0,1,0,0,1,0,1,1,0,0,0,1,1,0,0,0,0,1,1,0,0,0,0,0,1,1,0,1,0,0,0,1,1,0,1,1,0,0,0,0
10,0,5,1,1,2,一种模拟人类智能行为的计算机系统或机器,否,(跳过),智能家居控制┋健康监测与管理┋家庭安全与监控┋日常出行┋儿童教育与娱乐┋购物与消费┋社交与娱乐,隐私安全问题┋人机关系失衡┋技术故障与不稳定性┋社会交往与互动的减少,2.0,更智能化的家居设备┋更个性化的智能助理┋更智能化的家庭安全与监控,完善技术┋更加便利┋个性化体验┋平衡人机关系┋安全性能提升（隐私保护、防监控等）,0.0,3.0,1.0,1.0,智能家居┋无人驾驶汽车┋智能车载┋健康追踪系统（监控睡眠状况、血压水平等）┋智能娱乐设备,(跳过),无,0,1,0,0,0,1,0,0,0,0,0,1,1,0,1,1,1,1,1,0,1,0,0,1,1,1,0,1,0,1,0,1,0,0,1,0,0,0,1,1,1,1,0,1,0,0,0,1,1,1,1,1,0,0,0,0
11,0,1,0,2,1,一种模拟人类智能行为的计算机系统或机器,是,提高了生活的便利性,社交与娱乐,社会交往与互动的减少,1.0,更个性化的智能助理┋更智能化的家庭健康管理,个性化体验┋平衡人机关系┋安全性能提升（隐私保护、防监控等）,0.0,3.0,2.0,1.0,无人驾驶汽车┋健康追踪系统（监控睡眠状况、血压水平等）,(跳过),希望价格会越来越便宜,0,1,0,0,0,0,1,0,0,0,0,0,0,0,0,0,0,1,0,0,0,0,0,0,1,0,0,1,0,0,1,0,0,0,1,0,0,0,1,0,1,0,0,1,0,0,0,1,0,0,0,1,0,0,0,0
12,1,1,0,1,3,一种模拟人类智能行为的计算机系统或机器,是,提高了生活的便利性┋提高了生活的安全性┋提高了生活的舒适度┋提高了生活的娱乐性,智能家居控制┋健康监测与管理┋家庭安全与监控┋日常出行┋儿童教育与娱乐┋购物与消费┋社交与娱乐,隐私安全问题┋人机关系失衡┋技术故障与不稳定性┋对人类智力的替代性威胁┋社会交往与互动的减少,2.0,更智能化的家居设备┋更个性化的智能助理┋更智能化的家庭健康管理┋更智能化的家庭安全与监控┋更智能化的儿童教育与娱乐,完善技术┋更加便利┋个性化体验┋平衡人机关系┋安全性能提升（隐私保护、防监控等）┋与人的情感交流,0.0,3.0,2.0,1.0,智能家居┋无人驾驶汽车┋智能车载┋健康追踪系统（监控睡眠状况、血压水平等）┋智能娱乐设备,(跳过),快来快来快来,0,1,0,0,0,0,1,1,1,1,0,1,1,0,1,1,1,1,1,0,1,0,1,1,1,1,0,1,1,1,1,1,0,1,1,0,0,0,1,1,1,1,0,1,0,0,0,1,1,1,1,1,0,0,0,0
13,1,1,0,2,2,一种模拟人类智能行为的计算机系统或机器,否,(跳过),智能家居控制┋健康监测与管理┋家庭安全与监控┋日常出行┋儿童教育与娱乐┋购物与消费┋社交与娱乐,隐私安全问题┋人机关系失衡┋技术故障与不稳定性┋对人类智力的替代性威胁┋社会交往与互动的减少,2.0,更智能化的家居设备┋更个性化的智能助理┋更智能化的家庭健康管理┋更智能化的家庭安全与监控┋更智能化的儿童教育与娱乐,完善技术┋更加便利┋个性化体验┋平衡人机关系┋安全性能提升（隐私保护、防监控等）┋与人的情感交流,1.0,3.0,2.0,1.0,智能家居┋无人驾驶汽车┋智能车载┋健康追踪系统（监控睡眠状况、血压水平等）┋智能娱乐设备,(跳过),无,0,1,0,0,0,1,0,0,0,0,0,1,1,0,1,1,1,1,1,0,1,0,1,1,1,1,0,1,1,1,1,1,0,1,1,0,0,0,1,1,1,1,0,1,0,0,0,1,1,1,1,1,0,0,0,0
14,0,1,0,1,1,一种模拟人类智能行为的计算机系统或机器,否,(跳过),智能家居控制┋健康监测与管理┋家庭安全与监控┋日常出行,隐私安全问题,2.0,更智能化的家居设备┋更智能化的家庭健康管理,完善技术┋更加便利┋安全性能提升（隐私保护、防监控等）,0.0,3.0,2.0,1.0,无人驾驶汽车┋智能车载┋健康追踪系统（监控睡眠状况、血压水平等）,(跳过),无,0,1,0,0,0,1,0,0,0,0,0,1,0,0,1,1,1,0,0,0,0,0,0,0,0,1,0,0,0,1,1,0,0,0,0,0,0,0,1,1,0,1,0,1,0,0,0,1,0,0,1,1,0,0,0,0
15,0,1,0,1,2,一种模拟人类智能行为的计算机系统或机器,否,(跳过),智能家居控制┋健康监测与管理┋家庭安全与监控┋日常出行┋儿童教育与娱乐┋购物与消费┋社交与娱乐,隐私安全问题┋人机关系失衡┋技术故障与不稳定性┋对人类智力的替代性威胁┋社会交往与互动的减少,1.0,更智能化的家居设备┋更个性化的智能助理┋更智能化的家庭健康管理┋更智能化的家庭安全与监控┋更智能化的儿童教育与娱乐,完善技术┋更加便利┋个性化体验┋平衡人机关系┋安全性能提升（隐私保护、防监控等）┋与人的情感交流,1.0,3.0,2.0,1.0,智能家居┋无人驾驶汽车┋智能车载┋健康追踪系统（监控睡眠状况、血压水平等）┋智能娱乐设备,(跳过),无,0,1,0,0,0,1,0,0,0,0,0,1,1,0,1,1,1,1,1,0,1,0,1,1,1,1,0,1,1,1,1,1,0,1,1,0,0,0,1,1,1,1,0,1,0,0,0,1,1,1,1,1,0,0,0,0
16,1,1,0,0,1,一种模拟人类智能行为的计算机系统或机器,是,提高了生活的便利性┋提高了生活的安全性┋提高了生活的舒适度┋提高了生活的娱乐性,智能家居控制┋健康监测与管理┋家庭安全与监控┋日常出行┋儿童教育与娱乐┋购物与消费┋社交与娱乐,隐私安全问题┋技术故障与不稳定性,2.0,更智能化的家居设备┋更智能化的家庭健康管理,完善技术┋平衡人机关系┋安全性能提升（隐私保护、防监控等）,1.0,3.0,1.0,1.0,智能家居,(跳过),暂无,0,1,0,0,0,0,1,1,1,1,0,1,1,0,1,1,1,1,1,0,0,0,0,1,0,1,0,0,0,1,1,0,0,0,0,0,0,0,1,1,1,0,0,0,0,0,0,0,0,1,0,1,0,0,0,0
17,1,1,0,2,1,一种模拟人类智能行为的计算机系统或机器,是,提高了生活的便利性┋提高了生活的安全性┋提高了生活的舒适度┋提高了生活的娱乐性,智能家居控制┋健康监测与管理┋家庭安全与监控┋儿童教育与娱乐┋购物与消费┋社交与娱乐,隐私安全问题┋技术故障与不稳定性,2.0,更智能化的家居设备┋更个性化的智能助理┋更智能化的家庭健康管理┋更智能化的家庭安全与监控┋更智能化的儿童教育与娱乐,完善技术┋更加便利┋个性化体验┋平衡人机关系┋安全性能提升（隐私保护、防监控等）┋与人的情感交流,0.0,3.0,2.0,1.0,智能家居┋无人驾驶汽车┋智能车载┋健康追踪系统（监控睡眠状况、血压水平等）┋智能娱乐设备,(跳过),无,0,1,0,0,0,0,1,1,1,1,0,1,1,0,1,0,1,1,1,0,0,0,0,1,0,1,0,1,1,1,1,1,0,1,1,0,0,0,1,1,1,1,0,1,0,0,0,1,1,1,1,1,0,0,0,0
18,1,1,0,1,2,一种模拟人类智能行为的计算机系统或机器,是,提高了生活的便利性┋提高了生活的舒适度┋提高了生活的娱乐性,智能家居控制┋健康监测与管理┋家庭安全与监控┋日常出行,隐私安全问题┋技术故障与不稳定性,1.0,更智能化的家居设备┋更个性化的智能助理┋更智能化的家庭健康管理┋更智能化的家庭安全与监控,完善技术┋更加便利┋安全性能提升（隐私保护、防监控等）┋与人的情感交流,0.0,3.0,2.0,1.0,智能家居┋智能车载┋健康追踪系统（监控睡眠状况、血压水平等）,(跳过),在家居方面技术更完善，更加注重隐私安全方面,0,1,0,0,0,0,1,1,0,1,0,1,0,0,1,1,1,0,0,0,0,0,0,1,0,1,0,1,0,1,1,1,0,1,0,0,0,0,1,1,0,1,0,1,0,0,0,0,0,1,1,1,0,0,0,0
19,1,1,0,0,0,(跳过),(跳过),(跳过),(跳过),(跳过),,(跳过),(跳过),,,,,(跳过),(跳过),(跳过),1,0,0,0,0,1,0,0,0,0,1,0,0,0,0,0,0,0,0,1,0,0,0,0,0,0,1,0,0,0,0,0,1,0,0,0,0,0,0,0,0,0,1,0,0,0,0,0,0,0,0,1,0,0,0,0
20,1,2,7,1,2,一种模拟人类智能行为的计算机系统或机器,否,(跳过),智能家居控制┋健康监测与管理┋家庭安全与监控┋日常出行┋社交与娱乐,隐私安全问题┋人机关系失衡┋技术故障与不稳定性┋对人类智力的替代性威胁┋社会交往与互动的减少,1.0,更智能化的家居设备┋更个性化的智能助理┋更智能化的家庭健康管理┋更智能化的家庭安全与监控┋更智能化的儿童教育与娱乐,个性化体验┋平衡人机关系┋安全性能提升（隐私保护、防监控等）,0.0,3.0,1.0,1.0,智能家居┋无人驾驶汽车,(跳过),无,0,1,0,0,0,1,0,0,0,0,0,1,0,0,1,1,1,1,0,0,1,0,1,1,1,1,0,1,1,1,1,1,0,0,1,0,0,0,1,0,1,0,0,0,0,0,0,1,0,1,0,1,0,0,0,0
21,0,1,0,2,3,一种模拟人类智能行为的计算机系统或机器,是,提高了生活的便利性,智能家居控制┋日常出行┋社交与娱乐┋其他（请注明）〖ChatGPT〗,隐私安全问题┋人机关系失衡┋技术故障与不稳定性┋对人类智力的替代性威胁┋社会交往与互动的减少,2.0,更智能化的家居设备┋更个性化的智能助理,完善技术┋个性化体验┋安全性能提升（隐私保护、防监控等）┋与人的情感交流,0.0,3.0,2.0,1.0,智能家居┋无人驾驶汽车┋智能车载┋健康追踪系统（监控睡眠状况、血压水平等）┋智能娱乐设备,(跳过),好,0,1,0,0,0,0,1,0,0,0,0,0,0,1,0,1,1,1,0,0,1,0,1,1,1,1,0,1,0,1,0,0,0,1,1,0,0,0,1,1,0,0,0,1,0,0,0,1,1,1,1,1,0,0,0,0
22,1,1,0,1,1,一种模拟人类智能行为的计算机系统或机器,否,(跳过),智能家居控制┋社交与娱乐,隐私安全问题┋对人类智力的替代性威胁,1.0,更智能化的家居设备┋更个性化的智能助理,完善技术┋个性化体验┋安全性能提升（隐私保护、防监控等）,0.0,3.0,1.0,1.0,智能娱乐设备,(跳过),帮我做家务,0,1,0,0,0,1,0,0,0,0,0,0,0,0,0,0,1,1,0,0,0,0,1,0,0,1,0,1,0,1,0,0,0,0,1,0,0,0,1,1,0,0,0,0,0,0,0,0,1,0,0,1,0,0,0,0
23,0,1,1,1,2,一种模拟人类智能行为的计算机系统或机器,是,提高了生活的便利性┋提高了生活的舒适度,智能家居控制┋家庭安全与监控┋社交与娱乐,隐私安全问题┋技术故障与不稳定性,2.0,更智能化的家居设备┋更个性化的智能助理┋更智能化的家庭健康管理┋更智能化的家庭安全与监控,更加便利┋平衡人机关系┋安全性能提升（隐私保护、防监控等）,0.0,3.0,2.0,1.0,智能家居┋健康追踪系统（监控睡眠状况、血压水平等）,(跳过),Wu,0,1,0,0,0,0,1,0,0,1,0,0,0,0,1,0,1,1,0,0,0,0,0,1,0,1,0,1,0,1,1,1,0,0,0,0,0,0,1,0,1,1,0,1,0,0,0,0,0,1,0,1,0,0,0,0
24,0,1,0,1,1,一种模拟人类智能行为的计算机系统或机器,是,提高了生活的便利性,智能家居控制┋健康监测与管理┋家庭安全与监控┋日常出行┋儿童教育与娱乐┋购物与消费┋社交与娱乐,隐私安全问题┋人机关系失衡┋技术故障与不稳定性┋对人类智力的替代性威胁┋社会交往与互动的减少,1.0,更智能化的家居设备┋更个性化的智能助理┋更智能化的家庭健康管理┋更智能化的家庭安全与监控┋更智能化的儿童教育与娱乐,完善技术┋更加便利┋个性化体验┋平衡人机关系┋安全性能提升（隐私保护、防监控等）,1.0,3.0,2.0,0.0,(跳过),更喜欢遵循传统,无,0,1,0,0,0,0,1,0,0,0,0,1,1,0,1,1,1,1,1,0,1,0,1,1,1,1,0,1,1,1,1,1,0,0,1,0,0,0,1,1,1,1,1,0,0,0,0,0,0,0,0,0,0,0,0,1
25,0,1,2,2,3,一种模拟人类智能行为的计算机系统或机器,否,(跳过),智能家居控制┋健康监测与管理┋家庭安全与监控,隐私安全问题┋技术故障与不稳定性┋社会交往与互动的减少,1.0,更智能化的家居设备┋更个性化的智能助理┋更智能化的家庭健康管理,更加便利┋个性化体验┋安全性能提升（隐私保护、防监控等）,0.0,3.0,0.0,0.0,(跳过),价格太贵┋更喜欢遵循传统,以人为本，不以人类为中心的文明没有意义,0,1,0,0,0,1,0,0,0,0,0,1,0,0,1,0,1,0,0,0,0,0,0,1,1,1,0,1,0,1,1,0,0,0,1,0,0,0,1,0,0,1,1,0,0,0,0,0,0,0,0,0,1,0,0,1
26,1,1,0,1,2,一种模拟人类智能行为的计算机系统或机器,是,提高了生活的便利性┋提高了生活的安全性┋提高了生活的娱乐性,智能家居控制┋健康监测与管理┋日常出行┋购物与消费,隐私安全问题┋人机关系失衡┋技术故障与不稳定性┋对人类智力的替代性威胁,2.0,更智能化的家居设备┋更智能化的家庭健康管理┋更智能化的家庭安全与监控,完善技术┋个性化体验┋安全性能提升（隐私保护、防监控等）,1.0,3.0,2.0,1.0,智能家居┋无人驾驶汽车┋健康追踪系统（监控睡眠状况、血压水平等）,(跳过),个性化定制生活管理,0,1,0,0,0,0,1,1,1,0,0,1,0,0,0,1,1,0,1,0,1,0,1,1,0,1,0,0,0,1,1,1,0,0,1,0,0,0,1,1,0,0,0,1,0,0,0,1,0,1,0,1,0,0,0,0
27,1,4,5,2,2,一种模拟人类智能行为的计算机系统或机器,是,提高了生活的安全性,健康监测与管理,技术故障与不稳定性,0.0,更智能化的儿童教育与娱乐,更加便利,0.0,0.0,0.0,0.0,(跳过),安全性不确定（担心监视、信息泄露等）,9,0,1,0,0,0,0,0,0,1,0,0,1,0,0,0,0,0,0,0,0,0,0,0,1,0,0,0,0,1,0,0,0,0,0,0,0,0,0,0,0,0,1,1,0,0,0,0,0,0,0,0,0,0,0,1,0
28,1,2,1,1,1,一种模拟人类智能行为的计算机系统或机器,否,(跳过),日常出行,对人类智力的替代性威胁,0.0,更智能化的家庭健康管理,个性化体验,1.0,3.0,0.0,0.0,(跳过),安全性不确定（担心监视、信息泄露等）┋其他（请注明）,无,0,1,0,0,0,1,0,0,0,0,0,0,0,0,0,1,0,0,0,0,0,0,1,0,0,0,0,0,0,0,1,0,0,0,1,0,0,0,0,0,0,0,1,0,0,0,0,0,0,0,0,0,0,1,1,0
29,1,4,1,1,2,一种模拟人类智能行为的计算机系统或机器,是,提高了生活的安全性,健康监测与管理,人机关系失衡,0.0,更智能化的家庭健康管理,个性化体验,1.0,3.0,0.0,1.0,智能车载,(跳过),无,0,1,0,0,0,0,0,0,1,0,0,1,0,0,0,0,0,0,0,0,1,0,0,0,0,0,0,0,0,0,1,0,0,0,1,0,0,0,0,0,0,0,0,0,0,0,0,0,0,0,1,1,0,0,0,0
30,0,1,0,2,1,一种模拟人类智能行为的计算机系统或机器,是,提高了生活的便利性┋提高了生活的安全性┋提高了生活的舒适度┋提高了生活的娱乐性,智能家居控制┋健康监测与管理┋家庭安全与监控┋日常出行┋儿童教育与娱乐┋购物与消费┋社交与娱乐,隐私安全问题┋人机关系失衡┋技术故障与不稳定性┋对人类智力的替代性威胁┋社会交往与互动的减少,0.0,更智能化的家居设备┋更个性化的智能助理┋更智能化的家庭健康管理┋更智能化的家庭安全与监控┋更智能化的儿童教育与娱乐,完善技术┋更加便利┋个性化体验┋平衡人机关系┋安全性能提升（隐私保护、防监控等）┋与人的情感交流,1.0,1.0,2.0,1.0,无人驾驶汽车┋健康追踪系统（监控睡眠状况、血压水平等）┋其他（请注明）,(跳过),便宜点，谢谢,0,1,0,0,0,0,1,1,1,1,0,1,1,0,1,1,1,1,1,0,1,0,1,1,1,1,0,1,1,1,1,1,0,1,1,0,0,0,1,1,1,1,0,1,1,0,0,1,0,0,0,1,0,0,0,0
31,1,3,2,1,1,一种模拟人类智能行为的计算机系统或机器,是,提高了生活的安全性┋提高了生活的舒适度,健康监测与管理┋日常出行┋儿童教育与娱乐┋购物与消费,技术故障与不稳定性┋对人类智力的替代性威胁┋社会交往与互动的减少,2.0,更智能化的家居设备┋更智能化的家庭健康管理┋更智能化的家庭安全与监控┋更智能化的儿童教育与娱乐,个性化体验┋平衡人机关系┋安全性能提升（隐私保护、防监控等）,1.0,1.0,2.0,1.0,无人驾驶汽车,(跳过),要设计更人性化,0,1,0,0,0,0,0,0,1,1,0,1,1,0,0,1,0,0,1,0,0,0,1,1,1,0,0,0,1,1,1,1,0,0,1,0,0,0,1,0,1,0,0,0,0,0,0,1,0,0,0,1,0,0,0,0
32,1,2,3,1,2,一种模拟人类智能行为的计算机系统或机器,是,提高了生活的便利性┋提高了生活的舒适度┋提高了生活的娱乐性,智能家居控制┋健康监测与管理┋家庭安全与监控┋日常出行┋社交与娱乐,隐私安全问题┋人机关系失衡┋技术故障与不稳定性┋对人类智力的替代性威胁┋社会交往与互动的减少,1.0,更智能化的家居设备┋更个性化的智能助理┋更智能化的家庭健康管理┋更智能化的家庭安全与监控┋更智能化的儿童教育与娱乐,完善技术┋更加便利┋平衡人机关系┋安全性能提升（隐私保护、防监控等）,1.0,3.0,1.0,1.0,智能家居┋健康追踪系统（监控睡眠状况、血压水平等）┋智能娱乐设备,(跳过),保护隐私,0,1,0,0,0,0,1,1,0,1,0,1,0,0,1,1,1,1,0,0,1,0,1,1,1,1,0,1,1,1,1,1,0,0,0,0,0,0,1,1,1,1,0,1,0,0,0,0,1,1,0,1,0,0,0,0
33,1,3,2,1,1,一种模拟人类智能行为的计算机系统或机器,是,提高了生活的便利性┋提高了生活的安全性┋提高了生活的舒适度,智能家居控制┋日常出行┋购物与消费┋社交与娱乐,隐私安全问题┋技术故障与不稳定性┋对人类智力的替代性威胁,2.0,更智能化的家居设备┋更智能化的家庭健康管理,完善技术┋平衡人机关系┋安全性能提升（隐私保护、防监控等）,1.0,2.0,2.0,1.0,智能家居┋智能车载┋健康追踪系统（监控睡眠状况、血压水平等）,(跳过),无,0,1,0,0,0,0,1,0,1,1,0,0,0,0,0,1,1,1,1,0,0,0,1,1,0,1,0,0,0,1,1,0,0,0,0,0,0,0,1,1,1,0,0,1,0,0,0,0,0,1,1,1,0,0,0,0
34,1,3,3,2,2,一种模拟人类智能行为的计算机系统或机器,否,(跳过),家庭安全与监控,技术故障与不稳定性,1.0,更智能化的家庭健康管理,个性化体验,0.0,2.0,0.0,0.0,(跳过),安全性不确定（担心监视、信息泄露等）,哦哦,0,1,0,0,0,1,0,0,0,0,0,0,0,0,1,0,0,0,0,0,0,0,0,1,0,0,0,0,0,0,1,0,0,0,1,0,0,0,0,0,0,0,1,0,0,0,0,0,0,0,0,0,0,0,1,0
35,0,3,1,1,1,一种模拟人类智能行为的计算机系统或机器,是,提高了生活的安全性┋提高了生活的舒适度,健康监测与管理┋家庭安全与监控,人机关系失衡┋技术故障与不稳定性,0.0,更个性化的智能助理┋更智能化的家庭安全与监控┋更智能化的儿童教育与娱乐,个性化体验┋平衡人机关系┋安全性能提升（隐私保护、防监控等）,1.0,3.0,2.0,1.0,无人驾驶汽车┋智能车载┋健康追踪系统（监控睡眠状况、血压水平等）,(跳过),优化,0,1,0,0,0,0,0,0,1,1,0,1,0,0,1,0,0,0,0,0,1,0,0,1,0,0,0,1,1,0,0,1,0,0,1,0,0,0,1,0,1,0,0,1,0,0,0,1,0,0,1,1,0,0,0,0
36,0,2,3,2,2,就是机器人┋一种模拟人类智能行为的计算机系统或机器,是,提高了生活的安全性┋提高了生活的舒适度,健康监测与管理┋日常出行┋购物与消费┋社交与娱乐,人机关系失衡┋对人类智力的替代性威胁┋社会交往与互动的减少,2.0,更智能化的家居设备┋更智能化的家庭健康管理┋更智能化的家庭安全与监控,个性化体验┋安全性能提升（隐私保护、防监控等）┋与人的情感交流,0.0,3.0,2.0,1.0,无人驾驶汽车┋智能车载,(跳过),无,0,1,0,0,1,0,0,0,1,1,0,1,0,0,0,1,0,1,1,0,1,0,1,0,1,0,0,0,0,1,1,1,0,1,1,0,0,0,1,0,0,0,0,0,0,0,0,1,0,0,1,1,0,0,0,0
37,0,1,1,1,1,就是机器人┋一种模拟人类智能行为的计算机系统或机器,是,提高了生活的便利性┋提高了生活的舒适度,家庭安全与监控┋日常出行┋儿童教育与娱乐,人机关系失衡┋技术故障与不稳定性┋社会交往与互动的减少,2.0,更个性化的智能助理┋更智能化的家庭健康管理┋更智能化的家庭安全与监控,更加便利┋个性化体验┋平衡人机关系,1.0,1.0,2.0,1.0,智能车载┋健康追踪系统（监控睡眠状况、血压水平等）,(跳过),能够更安全更智能,0,1,0,0,1,0,1,0,0,1,0,0,1,0,1,1,0,0,0,0,1,0,0,1,1,0,0,1,0,0,1,1,0,0,1,0,0,0,0,0,1,1,0,1,0,0,0,0,0,0,1,1,0,0,0,0
38,1,3,4,1,2,一种模拟人类智能行为的计算机系统或机器,是,提高了生活的舒适度,健康监测与管理,对人类智力的替代性威胁,2.0,更智能化的家庭健康管理,更加便利,0.0,1.0,2.0,1.0,智能车载,(跳过),1,0,1,0,0,0,0,0,0,0,1,0,1,0,0,0,0,0,0,0,0,0,0,1,0,0,0,0,0,0,0,1,0,0,0,0,0,0,0,0,0,0,1,0,0,0,0,0,0,0,0,1,1,0,0,0,0
39,1,2,3,3,0,(跳过),(跳过),(跳过),(跳过),(跳过),,(跳过),(跳过),,,,,(跳过),(跳过),(跳过),1,0,0,0,0,1,0,0,0,0,1,0,0,0,0,0,0,0,0,1,0,0,0,0,0,0,1,0,0,0,0,0,1,0,0,0,0,0,0,0,0,0,1,0,0,0,0,0,0,0,0,1,0,0,0,0
40,0,2,1,1,2,一种模拟人类智能行为的计算机系统或机器,是,提高了生活的舒适度,健康监测与管理┋日常出行,对人类智力的替代性威胁,0.0,更智能化的家庭健康管理,更加便利,1.0,3.0,0.0,0.0,(跳过),更喜欢遵循传统,qu,0,1,0,0,0,0,0,0,0,1,0,1,0,0,0,1,0,0,0,0,0,0,1,0,0,0,0,0,0,0,1,0,0,0,0,0,0,0,0,0,0,1,1,0,0,0,0,0,0,0,0,0,0,0,0,1
41,1,4,3,2,2,就是机器人,否,(跳过),购物与消费,技术故障与不稳定性,0.0,更智能化的家庭健康管理,更加便利,0.0,1.0,0.0,0.0,(跳过),更喜欢遵循传统,是,0,0,0,0,1,1,0,0,0,0,0,0,0,0,0,0,0,0,1,0,0,0,0,1,0,0,0,0,0,0,1,0,0,0,0,0,0,0,0,0,0,1,1,0,0,0,0,0,0,0,0,0,0,0,0,1
42,1,3,0,0,2,就是机器人┋一种模拟人类智能行为的计算机系统或机器,否,(跳过),智能家居控制┋儿童教育与娱乐,人机关系失衡┋社会交往与互动的减少,0.0,更智能化的家居设备┋更智能化的儿童教育与娱乐,更加便利┋平衡人机关系,0.0,1.0,0.0,0.0,(跳过),安全性不确定（担心监视、信息泄露等）,同心,0,1,0,0,1,1,0,0,0,0,0,0,1,0,0,0,1,0,0,0,1,0,0,0,1,0,0,0,1,1,0,0,0,0,0,0,0,0,0,0,1,1,1,0,0,0,0,0,0,0,0,0,0,0,1,0
43,1,1,0,1,0,(跳过),(跳过),(跳过),(跳过),(跳过),,(跳过),(跳过),,,,,(跳过),(跳过),(跳过),1,0,0,0,0,1,0,0,0,0,1,0,0,0,0,0,0,0,0,1,0,0,0,0,0,0,1,0,0,0,0,0,1,0,0,0,0,0,0,0,0,0,1,0,0,0,0,0,0,0,0,1,0,0,0,0
44,0,4,2,1,2,一种模拟人类智能行为的计算机系统或机器,否,(跳过),健康监测与管理,技术故障与不稳定性,1.0,更智能化的家庭健康管理,更加便利,1.0,1.0,0.0,0.0,(跳过),安全性不确定（担心监视、信息泄露等）,hb,0,1,0,0,0,1,0,0,0,0,0,1,0,0,0,0,0,0,0,0,0,0,0,1,0,0,0,0,0,0,1,0,0,0,0,0,0,0,0,0,0,1,1,0,0,0,0,0,0,0,0,0,0,0,1,0
45,0,2,3,1,1,一种模拟人类智能行为的计算机系统或机器,是,提高了生活的舒适度,日常出行,隐私安全问题┋技术故障与不稳定性,0.0,更个性化的智能助理┋更智能化的家庭安全与监控,个性化体验┋安全性能提升（隐私保护、防监控等）,1.0,3.0,0.0,1.0,健康追踪系统（监控睡眠状况、血压水平等）,(跳过),无,0,1,0,0,0,0,0,0,0,1,0,0,0,0,0,1,0,0,0,0,0,0,0,1,0,1,0,1,0,0,0,1,0,0,1,0,0,0,1,0,0,0,0,1,0,0,0,0,0,0,0,1,0,0,0,0
46,1,2,6,1,2,一种模拟人类智能行为的计算机系统或机器,是,提高了生活的安全性┋提高了生活的舒适度,健康监测与管理┋日常出行,人机关系失衡┋技术故障与不稳定性,0.0,更智能化的家庭健康管理┋更智能化的家庭安全与监控,更加便利┋平衡人机关系,0.0,1.0,0.0,0.0,(跳过),安全性不确定（担心监视、信息泄露等）┋更喜欢遵循传统,vbh,0,1,0,0,0,0,0,0,1,1,0,1,0,0,0,1,0,0,0,0,1,0,0,1,0,0,0,0,0,0,1,1,0,0,0,0,0,0,0,0,1,1,1,0,0,0,0,0,0,0,0,0,0,0,1,1
47,1,1,2,1,1,一种模拟人类智能行为的计算机系统或机器,是,提高了生活的安全性┋提高了生活的舒适度┋提高了生活的娱乐性,智能家居控制┋健康监测与管理┋日常出行,隐私安全问题┋技术故障与不稳定性┋对人类智力的替代性威胁,2.0,更智能化的家居设备┋更智能化的家庭健康管理┋更智能化的家庭安全与监控,完善技术┋平衡人机关系┋安全性能提升（隐私保护、防监控等）,1.0,2.0,2.0,1.0,智能家居┋智能车载┋健康追踪系统（监控睡眠状况、血压水平等）,(跳过),无,0,1,0,0,0,0,0,1,1,1,0,1,0,0,0,1,1,0,0,0,0,0,1,1,0,1,0,0,0,1,1,1,0,0,0,0,0,0,1,1,1,0,0,1,0,0,0,0,0,1,1,1,0,0,0,0
48,1,1,0,2,1,一种模拟人类智能行为的计算机系统或机器,是,提高了生活的便利性┋提高了生活的舒适度┋提高了生活的娱乐性,健康监测与管理┋家庭安全与监控┋购物与消费,人机关系失衡┋对人类智力的替代性威胁,2.0,更个性化的智能助理┋更智能化的家庭健康管理┋更智能化的儿童教育与娱乐,更加便利┋平衡人机关系┋与人的情感交流,1.0,3.0,2.0,1.0,智能家居┋无人驾驶汽车┋智能车载┋智能娱乐设备,(跳过),无,0,1,0,0,0,0,1,1,0,1,0,1,0,0,1,0,0,0,1,0,1,0,1,0,0,0,0,1,1,0,1,0,0,1,0,0,0,0,0,0,1,1,0,0,0,0,0,1,1,1,1,1,0,0,0,0
49,1,2,2,1,2,一种模拟人类智能行为的计算机系统或机器,是,提高了生活的便利性┋提高了生活的安全性,智能家居控制┋购物与消费,隐私安全问题┋技术故障与不稳定性,2.0,更智能化的家居设备┋更个性化的智能助理,完善技术┋更加便利┋个性化体验,0.0,3.0,2.0,1.0,智能家居,(跳过),加强合作的,0,1,0,0,0,0,1,0,1,0,0,0,0,0,0,0,1,0,1,0,0,0,0,1,0,1,0,1,0,1,0,0,0,0,1,0,0,0,0,1,0,1,0,0,0,0,0,0,0,1,0,1,0,0,0,0
50,0,2,1,1,1,一种模拟人类智能行为的计算机系统或机器,是,提高了生活的便利性,智能家居控制,人机关系失衡,2.0,更智能化的家居设备,更加便利,1.0,3.0,2.0,1.0,智能家居┋无人驾驶汽车,(跳过),无,0,1,0,0,0,0,1,0,0,0,0,0,0,0,0,0,1,0,0,0,1,0,0,0,0,0,0,0,0,1,0,0,0,0,0,0,0,0,0,0,0,1,0,0,0,0,0,1,0,1,0,1,0,0,0,0
51,1,3,3,1,1,就是机器人┋一种模拟人类智能行为的计算机系统或机器,是,提高了生活的安全性┋提高了生活的娱乐性,家庭安全与监控┋购物与消费,隐私安全问题┋技术故障与不稳定性┋社会交往与互动的减少,2.0,更个性化的智能助理┋更智能化的儿童教育与娱乐,更加便利┋个性化体验,1.0,1.0,2.0,1.0,智能车载┋智能娱乐设备,(跳过),省事,0,1,0,0,1,0,0,1,1,0,0,0,0,0,1,0,0,0,1,0,0,0,0,1,1,1,0,1,1,0,0,0,0,0,1,0,0,0,0,0,0,1,0,0,0,0,0,0,1,0,1,1,0,0,0,0
52,1,3,4,1,1,一种模拟人类智能行为的计算机系统或机器,否,(跳过),智能家居控制┋健康监测与管理┋家庭安全与监控┋儿童教育与娱乐,技术故障与不稳定性┋社会交往与互动的减少,1.0,更智能化的家居设备┋更个性化的智能助理┋更智能化的家庭健康管理┋更智能化的家庭安全与监控,更加便利┋个性化体验┋平衡人机关系,0.0,3.0,0.0,1.0,智能家居┋无人驾驶汽车┋健康追踪系统（监控睡眠状况、血压水平等）,(跳过),无,0,1,0,0,0,1,0,0,0,0,0,1,1,0,1,0,1,0,0,0,0,0,0,1,1,0,0,1,0,1,1,1,0,0,1,0,0,0,0,0,1,1,0,1,0,0,0,1,0,1,0,1,0,0,0,0
53,0,3,2,2,2,一种模拟人类智能行为的计算机系统或机器,是,提高了生活的便利性┋提高了生活的安全性┋提高了生活的娱乐性,健康监测与管理┋家庭安全与监控┋日常出行┋购物与消费,人机关系失衡┋技术故障与不稳定性┋对人类智力的替代性威胁,1.0,更个性化的智能助理┋更智能化的家庭健康管理┋更智能化的家庭安全与监控,完善技术┋个性化体验┋平衡人机关系┋安全性能提升（隐私保护、防监控等）,0.0,3.0,2.0,1.0,智能家居┋无人驾驶汽车┋健康追踪系统（监控睡眠状况、血压水平等）,(跳过),无,0,1,0,0,0,0,1,1,1,0,0,1,0,0,1,1,0,0,1,0,1,0,1,1,0,0,0,1,0,0,1,1,0,0,1,0,0,0,1,1,1,0,0,1,0,0,0,1,0,1,0,1,0,0,0,0
54,1,2,4,1,1,一种模拟人类智能行为的计算机系统或机器,是,提高了生活的安全性┋提高了生活的娱乐性,家庭安全与监控┋儿童教育与娱乐,人机关系失衡┋对人类智力的替代性威胁,2.0,更个性化的智能助理┋更智能化的家庭健康管理,更加便利┋平衡人机关系,0.0,2.0,1.0,1.0,智能家居┋智能车载,(跳过),无,0,1,0,0,0,0,0,1,1,0,0,0,1,0,1,0,0,0,0,0,1,0,1,0,0,0,0,1,0,0,1,0,0,0,0,0,0,0,0,0,1,1,0,0,0,0,0,0,0,1,1,1,0,0,0,0
55,1,3,4,2,2,一种模拟人类智能行为的计算机系统或机器,是,提高了生活的安全性┋提高了生活的娱乐性,家庭安全与监控┋儿童教育与娱乐┋社交与娱乐,人机关系失衡┋对人类智力的替代性威胁,2.0,更个性化的智能助理┋更智能化的儿童教育与娱乐,个性化体验┋安全性能提升（隐私保护、防监控等）,1.0,1.0,2.0,1.0,无人驾驶汽车┋健康追踪系统（监控睡眠状况、血压水平等）,(跳过),更加完善,0,1,0,0,0,0,0,1,1,0,0,0,1,0,1,0,0,1,0,0,1,0,1,0,0,0,0,1,1,0,0,0,0,0,1,0,0,0,1,0,0,0,0,1,0,0,0,1,0,0,0,1,0,0,0,0
56,1,1,4,1,2,一种模拟人类智能行为的计算机系统或机器,是,提高了生活的便利性┋提高了生活的安全性┋提高了生活的舒适度┋提高了生活的娱乐性,智能家居控制┋健康监测与管理┋家庭安全与监控,隐私安全问题┋技术故障与不稳定性,2.0,更智能化的家居设备┋更个性化的智能助理┋更智能化的家庭健康管理┋更智能化的家庭安全与监控,完善技术┋更加便利┋安全性能提升（隐私保护、防监控等）,0.0,3.0,2.0,1.0,智能家居┋健康追踪系统（监控睡眠状况、血压水平等）┋智能娱乐设备,(跳过),更加精准，更加好操作,0,1,0,0,0,0,1,1,1,1,0,1,0,0,1,0,1,0,0,0,0,0,0,1,0,1,0,1,0,1,1,1,0,0,0,0,0,0,1,1,0,1,0,1,0,0,0,0,1,1,0,1,0,0,0,0
57,0,2,4,1,2,一种模拟人类智能行为的计算机系统或机器,是,提高了生活的便利性┋提高了生活的安全性┋提高了生活的舒适度┋提高了生活的娱乐性,智能家居控制┋家庭安全与监控┋儿童教育与娱乐┋购物与消费,隐私安全问题┋人机关系失衡┋对人类智力的替代性威胁,2.0,更智能化的家居设备┋更智能化的家庭健康管理┋更智能化的家庭安全与监控,完善技术┋个性化体验┋安全性能提升（隐私保护、防监控等）,1.0,3.0,2.0,1.0,智能车载┋健康追踪系统（监控睡眠状况、血压水平等）,(跳过),没有,0,1,0,0,0,0,1,1,1,1,0,0,1,0,1,0,1,0,1,0,1,0,1,0,0,1,0,0,0,1,1,1,0,0,1,0,0,0,1,1,0,0,0,1,0,0,0,0,0,0,1,1,0,0,0,0
58,1,0,0,1,1,一种模拟人类智能行为的计算机系统或机器,是,提高了生活的便利性┋提高了生活的舒适度┋提高了生活的娱乐性,智能家居控制┋健康监测与管理┋家庭安全与监控┋儿童教育与娱乐┋购物与消费,隐私安全问题┋技术故障与不稳定性┋对人类智力的替代性威胁┋社会交往与互动的减少,1.0,更智能化的家居设备┋更智能化的家庭健康管理┋更智能化的家庭安全与监控┋更智能化的儿童教育与娱乐,更加便利┋个性化体验┋平衡人机关系┋安全性能提升（隐私保护、防监控等）,1.0,3.0,0.0,1.0,智能家居┋健康追踪系统（监控睡眠状况、血压水平等）┋智能娱乐设备,(跳过),提高隐私保护,0,1,0,0,0,0,1,1,0,1,0,1,1,0,1,0,1,0,1,0,0,0,1,1,1,1,0,0,1,1,1,1,0,0,1,0,0,0,1,0,1,1,0,1,0,0,0,0,1,1,0,1,0,0,0,0
59,1,1,2,1,1,一种模拟人类智能行为的计算机系统或机器,是,提高了生活的安全性┋提高了生活的娱乐性,智能家居控制┋儿童教育与娱乐,人机关系失衡┋对人类智力的替代性威胁,0.0,更智能化的家居设备┋更智能化的家庭健康管理,个性化体验┋平衡人机关系,1.0,3.0,0.0,1.0,智能家居┋智能车载,(跳过),1,0,1,0,0,0,0,0,1,1,0,0,0,1,0,0,0,1,0,0,0,1,0,1,0,0,0,0,0,0,1,1,0,0,0,1,0,0,0,0,0,1,0,0,0,0,0,0,0,0,1,1,1,0,0,0,0
60,1,1,0,1,1,一种模拟人类智能行为的计算机系统或机器,是,提高了生活的便利性┋提高了生活的安全性┋提高了生活的舒适度,智能家居控制┋健康监测与管理┋家庭安全与监控,人机关系失衡┋技术故障与不稳定性┋对人类智力的替代性威胁,2.0,更智能化的家居设备┋更个性化的智能助理┋更智能化的家庭健康管理┋更智能化的家庭安全与监控,完善技术┋更加便利┋平衡人机关系┋安全性能提升（隐私保护、防监控等）,1.0,3.0,1.0,1.0,智能家居┋智能娱乐设备,(跳过),无,0,1,0,0,0,0,1,0,1,1,0,1,0,0,1,0,1,0,0,0,1,0,1,1,0,0,0,1,0,1,1,1,0,0,0,0,0,0,1,1,1,1,0,0,0,0,0,0,1,1,0,1,0,0,0,0
61,0,1,0,1,1,一种模拟人类智能行为的计算机系统或机器,否,(跳过),健康监测与管理┋家庭安全与监控┋购物与消费,隐私安全问题┋人机关系失衡┋技术故障与不稳定性┋社会交往与互动的减少,1.0,更智能化的家居设备┋更智能化的家庭健康管理┋更智能化的家庭安全与监控,完善技术┋更加便利┋平衡人机关系┋安全性能提升（隐私保护、防监控等）,1.0,3.0,1.0,1.0,智能家居┋无人驾驶汽车┋智能车载,(跳过),希望可以便利人们的生活,0,1,0,0,0,1,0,0,0,0,0,1,0,0,1,0,0,0,1,0,1,0,0,1,1,1,0,0,0,1,1,1,0,0,0,0,0,0,1,1,1,1,0,0,0,0,0,1,0,1,1,1,0,0,0,0
62,1,1,0,1,2,就是机器人┋一种模拟人类智能行为的计算机系统或机器,是,提高了生活的便利性┋提高了生活的安全性┋提高了生活的舒适度┋提高了生活的娱乐性,智能家居控制┋健康监测与管理┋家庭安全与监控┋日常出行┋儿童教育与娱乐┋购物与消费┋社交与娱乐,隐私安全问题┋人机关系失衡┋技术故障与不稳定性┋对人类智力的替代性威胁┋社会交往与互动的减少,2.0,更智能化的家居设备┋更个性化的智能助理┋更智能化的家庭健康管理┋更智能化的家庭安全与监控┋更智能化的儿童教育与娱乐,完善技术┋更加便利┋个性化体验┋平衡人机关系┋安全性能提升（隐私保护、防监控等）┋与人的情感交流,1.0,1.0,2.0,1.0,智能家居┋无人驾驶汽车┋智能车载┋健康追踪系统（监控睡眠状况、血压水平等）┋智能娱乐设备,(跳过),无,0,1,0,0,1,0,1,1,1,1,0,1,1,0,1,1,1,1,1,0,1,0,1,1,1,1,0,1,1,1,1,1,0,1,1,0,0,0,1,1,1,1,0,1,0,0,0,1,1,1,1,1,0,0,0,0
63,1,1,6,1,1,一种模拟人类智能行为的计算机系统或机器,是,提高了生活的便利性┋提高了生活的舒适度┋提高了生活的娱乐性,家庭安全与监控,隐私安全问题,1.0,更个性化的智能助理┋更智能化的家庭健康管理,更加便利,0.0,3.0,1.0,1.0,无人驾驶汽车┋健康追踪系统（监控睡眠状况、血压水平等）,(跳过),无,0,1,0,0,0,0,1,1,0,1,0,0,0,0,1,0,0,0,0,0,0,0,0,0,0,1,0,1,0,0,1,0,0,0,0,0,0,0,0,0,0,1,0,1,0,0,0,1,0,0,0,1,0,0,0,0
64,1,1,2,3,2,其他（请注明）,否,(跳过),日常出行,人机关系失衡,0.0,更智能化的家庭安全与监控,安全性能提升（隐私保护、防监控等）,0.0,3.0,0.0,0.0,(跳过),其他（请注明）,！,0,0,1,0,0,1,0,0,0,0,0,0,0,0,0,1,0,0,0,0,1,0,0,0,0,0,0,0,0,0,0,1,0,0,0,0,0,0,1,0,0,0,1,0,0,0,0,0,0,0,0,0,0,1,0,0
65,1,1,1,1,1,就是机器人┋一种模拟人类智能行为的计算机系统或机器,是,提高了生活的安全性┋提高了生活的舒适度,健康监测与管理┋日常出行┋儿童教育与娱乐,人机关系失衡┋对人类智力的替代性威胁┋社会交往与互动的减少,0.0,更智能化的家居设备┋更智能化的家庭健康管理┋更智能化的家庭安全与监控,完善技术┋更加便利┋安全性能提升（隐私保护、防监控等）┋与人的情感交流,1.0,1.0,2.0,1.0,智能家居┋无人驾驶汽车,(跳过),好,0,1,0,0,1,0,0,0,1,1,0,1,1,0,0,1,0,0,0,0,1,0,1,0,1,0,0,0,0,1,1,1,0,1,0,0,0,0,1,1,0,1,0,0,0,0,0,1,0,1,0,1,0,0,0,0
66,1,1,0,2,1,就是机器人┋一种模拟人类智能行为的计算机系统或机器,是,提高了生活的便利性┋提高了生活的舒适度,智能家居控制┋家庭安全与监控,隐私安全问题┋对人类智力的替代性威胁,2.0,更智能化的家居设备┋更智能化的家庭健康管理,更加便利┋平衡人机关系,1.0,3.0,2.0,1.0,智能家居┋智能车载┋智能娱乐设备,(跳过),创新,0,1,0,0,1,0,1,0,0,1,0,0,0,0,1,0,1,0,0,0,0,0,1,0,0,1,0,0,0,1,1,0,0,0,0,0,0,0,0,0,1,1,0,0,0,0,0,0,1,1,1,1,0,0,0,0
67,1,2,2,0,3,一种模拟人类智能行为的计算机系统或机器,否,(跳过),日常出行,对人类智力的替代性威胁,0.0,更智能化的家庭健康管理,与人的情感交流,1.0,3.0,0.0,0.0,(跳过),安全性不确定（担心监视、信息泄露等）,无,0,1,0,0,0,1,0,0,0,0,0,0,0,0,0,1,0,0,0,0,0,0,1,0,0,0,0,0,0,0,1,0,0,1,0,0,0,0,0,0,0,0,1,0,0,0,0,0,0,0,0,0,0,0,1,0
68,1,2,3,1,2,一种模拟人类智能行为的计算机系统或机器,否,(跳过),日常出行,技术故障与不稳定性,0.0,更智能化的家庭健康管理,平衡人机关系,0.0,1.0,0.0,0.0,(跳过),价格太贵,无,0,1,0,0,0,1,0,0,0,0,0,0,0,0,0,1,0,0,0,0,0,0,0,1,0,0,0,0,0,0,1,0,0,0,0,0,0,0,0,0,1,0,1,0,0,0,0,0,0,0,0,0,1,0,0,0
69,1,2,2,2,2,一种模拟人类智能行为的计算机系统或机器,是,提高了生活的便利性┋提高了生活的安全性┋提高了生活的舒适度┋提高了生活的娱乐性,智能家居控制┋健康监测与管理┋日常出行┋儿童教育与娱乐┋社交与娱乐,隐私安全问题┋技术故障与不稳定性┋社会交往与互动的减少,1.0,更智能化的家居设备┋更智能化的家庭健康管理┋更智能化的家庭安全与监控,完善技术┋个性化体验┋平衡人机关系┋安全性能提升（隐私保护、防监控等）,1.0,3.0,2.0,1.0,智能家居┋无人驾驶汽车┋智能车载┋健康追踪系统（监控睡眠状况、血压水平等）,(跳过),无,0,1,0,0,0,0,1,1,1,1,0,1,1,0,0,1,1,1,0,0,0,0,0,1,1,1,0,0,0,1,1,1,0,0,1,0,0,0,1,1,1,0,0,1,0,0,0,1,0,1,1,1,0,0,0,0
70,1,4,4,1,1,一种模拟人类智能行为的计算机系统或机器,否,(跳过),智能家居控制┋健康监测与管理┋家庭安全与监控,隐私安全问题┋技术故障与不稳定性┋对人类智力的替代性威胁┋社会交往与互动的减少┋其他（请注明）〖不可能完全替代人〗,1.0,更智能化的家居设备┋更个性化的智能助理┋更智能化的家庭健康管理┋更智能化的家庭安全与监控┋更智能化的儿童教育与娱乐,完善技术┋更加便利┋安全性能提升（隐私保护、防监控等）┋与人的情感交流,0.0,3.0,1.0,1.0,智能家居┋健康追踪系统（监控睡眠状况、血压水平等）,(跳过),没有,0,1,0,0,0,1,0,0,0,0,0,1,0,0,1,0,1,0,0,0,0,1,1,1,1,1,0,1,1,1,1,1,0,1,0,0,0,0,1,1,0,1,0,1,0,0,0,0,0,1,0,1,0,0,0,0
71,1,1,0,1,2,一种模拟人类智能行为的计算机系统或机器,是,提高了生活的便利性┋提高了生活的安全性┋提高了生活的舒适度┋提高了生活的娱乐性,智能家居控制┋健康监测与管理┋家庭安全与监控┋日常出行┋儿童教育与娱乐┋购物与消费┋社交与娱乐,隐私安全问题┋人机关系失衡┋技术故障与不稳定性┋对人类智力的替代性威胁,1.0,更智能化的家居设备┋更个性化的智能助理┋更智能化的家庭健康管理┋更智能化的家庭安全与监控┋更智能化的儿童教育与娱乐,个性化体验┋平衡人机关系┋安全性能提升（隐私保护、防监控等）┋与人的情感交流,0.0,3.0,2.0,1.0,健康追踪系统（监控睡眠状况、血压水平等）┋智能娱乐设备,(跳过),隐私保护要做好,0,1,0,0,0,0,1,1,1,1,0,1,1,0,1,1,1,1,1,0,1,0,1,1,0,1,0,1,1,1,1,1,0,1,1,0,0,0,1,0,1,0,0,1,0,0,0,0,1,0,0,1,0,0,0,0
72,1,2,2,2,3,其他（请注明）,否,(跳过),日常出行,技术故障与不稳定性,0.0,更智能化的儿童教育与娱乐,个性化体验,0.0,3.0,1.0,0.0,(跳过),更喜欢遵循传统,无,0,0,1,0,0,1,0,0,0,0,0,0,0,0,0,1,0,0,0,0,0,0,0,1,0,0,0,0,1,0,0,0,0,0,1,0,0,0,0,0,0,0,1,0,0,0,0,0,0,0,0,0,0,0,0,1
73,1,4,4,2,2,就是机器人,是,提高了生活的便利性┋提高了生活的安全性┋提高了生活的舒适度┋提高了生活的娱乐性,智能家居控制┋健康监测与管理┋家庭安全与监控┋日常出行┋儿童教育与娱乐┋购物与消费,隐私安全问题┋人机关系失衡┋技术故障与不稳定性┋对人类智力的替代性威胁,2.0,更智能化的家居设备┋更个性化的智能助理┋更智能化的家庭健康管理┋更智能化的家庭安全与监控┋更智能化的儿童教育与娱乐,完善技术┋更加便利┋个性化体验┋平衡人机关系┋安全性能提升（隐私保护、防监控等）┋与人的情感交流,1.0,0.0,1.0,1.0,智能家居┋无人驾驶汽车┋智能车载┋健康追踪系统（监控睡眠状况、血压水平等）┋智能娱乐设备,(跳过),无,0,0,0,0,1,0,1,1,1,1,0,1,1,0,1,1,1,0,1,0,1,0,1,1,0,1,0,1,1,1,1,1,0,1,1,0,0,0,1,1,1,1,0,1,0,0,0,1,1,1,1,1,0,0,0,0
74,1,3,2,1,2,一种模拟人类智能行为的计算机系统或机器,否,(跳过),健康监测与管理,人机关系失衡,0.0,更个性化的智能助理,更加便利,0.0,1.0,0.0,0.0,(跳过),安全性不确定（担心监视、信息泄露等）,无,0,1,0,0,0,1,0,0,0,0,0,1,0,0,0,0,0,0,0,0,1,0,0,0,0,0,0,1,0,0,0,0,0,0,0,0,0,0,0,0,0,1,1,0,0,0,0,0,0,0,0,0,0,0,1,0
75,0,2,1,2,2,一种模拟人类智能行为的计算机系统或机器,否,(跳过),家庭安全与监控,人机关系失衡,1.0,更智能化的家庭安全与监控,更加便利,0.0,3.0,0.0,1.0,智能车载,(跳过),没,0,1,0,0,0,1,0,0,0,0,0,0,0,0,1,0,0,0,0,0,1,0,0,0,0,0,0,0,0,0,0,1,0,0,0,0,0,0,0,0,0,1,0,0,0,0,0,0,0,0,1,1,0,0,0,0
76,0,1,2,1,1,就是机器人┋一种模拟人类智能行为的计算机系统或机器,是,提高了生活的便利性┋提高了生活的舒适度┋提高了生活的娱乐性,智能家居控制┋健康监测与管理┋日常出行┋儿童教育与娱乐,隐私安全问题┋技术故障与不稳定性┋对人类智力的替代性威胁,2.0,更智能化的家居设备┋更智能化的家庭健康管理┋更智能化的家庭安全与监控,完善技术┋个性化体验┋平衡人机关系,1.0,1.0,2.0,1.0,智能家居┋智能车载┋健康追踪系统（监控睡眠状况、血压水平等）,(跳过),全过程服务,0,1,0,0,1,0,1,1,0,1,0,1,1,0,0,1,1,0,0,0,0,0,1,1,0,1,0,0,0,1,1,1,0,0,1,0,0,0,0,1,1,0,0,1,0,0,0,0,0,1,1,1,0,0,0,0
77,1,3,2,1,0,(跳过),(跳过),(跳过),(跳过),(跳过),,(跳过),(跳过),,,,,(跳过),(跳过),(跳过),1,0,0,0,0,1,0,0,0,0,1,0,0,0,0,0,0,0,0,1,0,0,0,0,0,0,1,0,0,0,0,0,1,0,0,0,0,0,0,0,0,0,1,0,0,0,0,0,0,0,0,1,0,0,0,0
78,1,5,7,0,0,(跳过),(跳过),(跳过),(跳过),(跳过),,(跳过),(跳过),,,,,(跳过),(跳过),(跳过),1,0,0,0,0,1,0,0,0,0,1,0,0,0,0,0,0,0,0,1,0,0,0,0,0,0,1,0,0,0,0,0,1,0,0,0,0,0,0,0,0,0,1,0,0,0,0,0,0,0,0,1,0,0,0,0
79,1,1,0,2,2,一种模拟人类智能行为的计算机系统或机器,否,(跳过),智能家居控制┋健康监测与管理┋家庭安全与监控┋日常出行┋儿童教育与娱乐┋购物与消费┋社交与娱乐,隐私安全问题┋人机关系失衡┋社会交往与互动的减少,2.0,更智能化的家居设备┋更个性化的智能助理┋更智能化的家庭健康管理┋更智能化的家庭安全与监控┋更智能化的儿童教育与娱乐,完善技术┋更加便利┋个性化体验┋平衡人机关系┋安全性能提升（隐私保护、防监控等）,1.0,3.0,2.0,1.0,智能家居┋无人驾驶汽车┋健康追踪系统（监控睡眠状况、血压水平等）┋智能娱乐设备,(跳过),希望能成为人类的朋友,0,1,0,0,0,1,0,0,0,0,0,1,1,0,1,1,1,1,1,0,1,0,0,0,1,1,0,1,1,1,1,1,0,0,1,0,0,0,1,1,1,1,0,1,0,0,0,1,1,1,0,1,0,0,0,0
80,0,1,1,1,1,一种模拟人类智能行为的计算机系统或机器,是,提高了生活的便利性,智能家居控制┋健康监测与管理,社会交往与互动的减少,2.0,更智能化的家居设备,完善技术┋更加便利┋个性化体验┋平衡人机关系┋安全性能提升（隐私保护、防监控等）┋与人的情感交流,0.0,3.0,1.0,1.0,智能家居,(跳过),无,0,1,0,0,0,0,1,0,0,0,0,1,0,0,0,0,1,0,0,0,0,0,0,0,1,0,0,0,0,1,0,0,0,1,1,0,0,0,1,1,1,1,0,0,0,0,0,0,0,1,0,1,0,0,0,0
81,1,2,2,3,0,(跳过),(跳过),(跳过),(跳过),(跳过),,(跳过),(跳过),,,,,(跳过),(跳过),(跳过),1,0,0,0,0,1,0,0,0,0,1,0,0,0,0,0,0,0,0,1,0,0,0,0,0,0,1,0,0,0,0,0,1,0,0,0,0,0,0,0,0,0,1,0,0,0,0,0,0,0,0,1,0,0,0,0
82,1,3,3,2,1,一种模拟人类智能行为的计算机系统或机器,否,(跳过),健康监测与管理┋家庭安全与监控┋购物与消费,人机关系失衡┋对人类智力的替代性威胁,1.0,更个性化的智能助理┋更智能化的家庭健康管理┋更智能化的儿童教育与娱乐,更加便利┋个性化体验┋与人的情感交流,1.0,2.0,1.0,0.0,(跳过),安全性不确定（担心监视、信息泄露等）,提高质量,0,1,0,0,0,1,0,0,0,0,0,1,0,0,1,0,0,0,1,0,1,0,1,0,0,0,0,1,1,0,1,0,0,1,1,0,0,0,0,0,0,1,1,0,0,0,0,0,0,0,0,0,0,0,1,0
83,1,4,1,1,1,一种模拟人类智能行为的计算机系统或机器,是,提高了生活的便利性┋提高了生活的安全性┋提高了生活的舒适度┋提高了生活的娱乐性,智能家居控制┋健康监测与管理┋家庭安全与监控┋日常出行┋儿童教育与娱乐┋购物与消费┋社交与娱乐,人机关系失衡┋技术故障与不稳定性┋对人类智力的替代性威胁┋社会交往与互动的减少,1.0,更智能化的家居设备┋更个性化的智能助理┋更智能化的家庭健康管理┋更智能化的家庭安全与监控┋更智能化的儿童教育与娱乐,完善技术┋更加便利┋个性化体验┋平衡人机关系┋安全性能提升（隐私保护、防监控等）┋与人的情感交流,1.0,3.0,2.0,1.0,智能家居┋无人驾驶汽车┋智能车载┋健康追踪系统（监控睡眠状况、血压水平等）┋智能娱乐设备,(跳过),希望对人体的健康追踪系统更完善便捷,0,1,0,0,0,0,1,1,1,1,0,1,1,0,1,1,1,1,1,0,1,0,1,1,1,0,0,1,1,1,1,1,0,1,1,0,0,0,1,1,1,1,0,1,0,0,0,1,1,1,1,1,0,0,0,0
84,1,3,2,1,2,一种模拟人类智能行为的计算机系统或机器,是,提高了生活的便利性┋提高了生活的安全性┋提高了生活的舒适度┋提高了生活的娱乐性,智能家居控制,人机关系失衡┋技术故障与不稳定性,2.0,更智能化的家居设备┋更智能化的家庭安全与监控,安全性能提升（隐私保护、防监控等）,0.0,2.0,2.0,1.0,无人驾驶汽车┋智能车载┋健康追踪系统（监控睡眠状况、血压水平等）,(跳过),希望可以做家务,0,1,0,0,0,0,1,1,1,1,0,0,0,0,0,0,1,0,0,0,1,0,0,1,0,0,0,0,0,1,0,1,0,0,0,0,0,0,1,0,0,0,0,1,0,0,0,1,0,0,1,1,0,0,0,0
85,1,4,2,1,2,一种模拟人类智能行为的计算机系统或机器,是,提高了生活的便利性┋提高了生活的舒适度,智能家居控制┋家庭安全与监控,隐私安全问题┋技术故障与不稳定性┋对人类智力的替代性威胁,1.0,更智能化的家居设备┋更个性化的智能助理┋更智能化的家庭安全与监控,完善技术┋更加便利┋个性化体验,1.0,2.0,2.0,1.0,智能家居┋智能车载┋健康追踪系统（监控睡眠状况、血压水平等）,(跳过),顺其自然,0,1,0,0,0,0,1,0,0,1,0,0,0,0,1,0,1,0,0,0,0,0,1,1,0,1,0,1,0,1,0,1,0,0,1,0,0,0,0,1,0,1,0,1,0,0,0,0,0,1,1,1,0,0,0,0
86,1,2,3,1,1,一种模拟人类智能行为的计算机系统或机器,否,(跳过),智能家居控制┋健康监测与管理┋家庭安全与监控┋儿童教育与娱乐┋社交与娱乐,隐私安全问题┋技术故障与不稳定性┋社会交往与互动的减少,1.0,更智能化的家居设备┋更个性化的智能助理┋更智能化的家庭健康管理┋更智能化的儿童教育与娱乐,完善技术┋更加便利┋个性化体验┋平衡人机关系┋安全性能提升（隐私保护、防监控等）┋与人的情感交流,0.0,1.0,0.0,1.0,智能家居┋无人驾驶汽车┋智能车载┋健康追踪系统（监控睡眠状况、血压水平等）┋智能娱乐设备,(跳过),没有,0,1,0,0,0,1,0,0,0,0,0,1,1,0,1,0,1,1,0,0,0,0,0,1,1,1,0,1,1,1,1,0,0,1,1,0,0,0,1,1,1,1,0,1,0,0,0,1,1,1,1,1,0,0,0,0
87,1,4,3,1,3,就是机器人,否,(跳过),家庭安全与监控┋社交与娱乐,技术故障与不稳定性,0.0,更个性化的智能助理,个性化体验,0.0,1.0,2.0,1.0,智能车载┋智能娱乐设备,(跳过),没有,0,0,0,0,1,1,0,0,0,0,0,0,0,0,1,0,0,1,0,0,0,0,0,1,0,0,0,1,0,0,0,0,0,0,1,0,0,0,0,0,0,0,0,0,0,0,0,0,1,0,1,1,0,0,0,0
88,0,4,2,1,1,一种模拟人类智能行为的计算机系统或机器,否,(跳过),智能家居控制┋健康监测与管理┋家庭安全与监控┋日常出行,隐私安全问题┋技术故障与不稳定性,1.0,更个性化的智能助理┋更智能化的家庭健康管理┋更智能化的家庭安全与监控,完善技术┋更加便利┋个性化体验,0.0,3.0,1.0,0.0,(跳过),更喜欢遵循传统,没有,0,1,0,0,0,1,0,0,0,0,0,1,0,0,1,1,1,0,0,0,0,0,0,1,0,1,0,1,0,0,1,1,0,0,1,0,0,0,0,1,0,1,1,0,0,0,0,0,0,0,0,0,0,0,0,1
89,0,0,6,0,1,一种模拟人类智能行为的计算机系统或机器,否,(跳过),健康监测与管理┋社交与娱乐,对人类智力的替代性威胁,0.0,更个性化的智能助理,更加便利┋安全性能提升（隐私保护、防监控等）,0.0,1.0,0.0,1.0,无人驾驶汽车,(跳过),吃饭,0,1,0,0,0,1,0,0,0,0,0,1,0,0,0,0,0,1,0,0,0,0,1,0,0,0,0,1,0,0,0,0,0,0,0,0,0,0,1,0,0,1,0,0,0,0,0,1,0,0,0,1,0,0,0,0
90,1,1,3,1,3,一种模拟人类智能行为的计算机系统或机器,是,提高了生活的便利性┋提高了生活的安全性┋提高了生活的舒适度┋提高了生活的娱乐性,智能家居控制┋健康监测与管理┋家庭安全与监控┋日常出行┋儿童教育与娱乐┋购物与消费┋社交与娱乐,隐私安全问题┋人机关系失衡┋技术故障与不稳定性┋对人类智力的替代性威胁┋社会交往与互动的减少,2.0,更智能化的家居设备┋更个性化的智能助理┋更智能化的家庭健康管理┋更智能化的家庭安全与监控┋更智能化的儿童教育与娱乐,完善技术┋更加便利┋个性化体验┋平衡人机关系┋安全性能提升（隐私保护、防监控等）┋与人的情感交流,0.0,3.0,2.0,1.0,智能家居┋无人驾驶汽车┋智能车载┋健康追踪系统（监控睡眠状况、血压水平等）┋智能娱乐设备,(跳过),智能化,0,1,0,0,0,0,1,1,1,1,0,1,1,0,1,1,1,1,1,0,1,0,1,1,1,1,0,1,1,1,1,1,0,1,1,0,0,0,1,1,1,1,0,1,0,0,0,1,1,1,1,1,0,0,0,0
91,1,1,1,1,2,一种模拟人类智能行为的计算机系统或机器,是,提高了生活的便利性┋提高了生活的舒适度,智能家居控制┋家庭安全与监控,隐私安全问题┋人机关系失衡,2.0,更智能化的家居设备┋更个性化的智能助理┋更智能化的家庭健康管理┋更智能化的家庭安全与监控,完善技术┋更加便利┋安全性能提升（隐私保护、防监控等）,0.0,3.0,1.0,1.0,智能家居┋智能车载┋健康追踪系统（监控睡眠状况、血压水平等）┋智能娱乐设备,(跳过),无,0,1,0,0,0,0,1,0,0,1,0,0,0,0,1,0,1,0,0,0,1,0,0,0,0,1,0,1,0,1,1,1,0,0,0,0,0,0,1,1,0,1,0,1,0,0,0,0,1,1,1,1,0,0,0,0
92,1,3,5,1,1,一种模拟人类智能行为的计算机系统或机器,是,提高了生活的便利性┋提高了生活的娱乐性,智能家居控制┋健康监测与管理┋日常出行┋购物与消费,隐私安全问题┋人机关系失衡┋技术故障与不稳定性,2.0,更智能化的家居设备┋更个性化的智能助理┋更智能化的家庭健康管理,完善技术┋更加便利┋个性化体验┋安全性能提升（隐私保护、防监控等）,0.0,3.0,2.0,1.0,智能家居┋无人驾驶汽车┋健康追踪系统（监控睡眠状况、血压水平等）,(跳过),无,0,1,0,0,0,0,1,1,0,0,0,1,0,0,0,1,1,0,1,0,1,0,0,1,0,1,0,1,0,1,1,0,0,0,1,0,0,0,1,1,0,1,0,1,0,0,0,1,0,1,0,1,0,0,0,0
93,1,2,0,1,1,就是机器人┋一种模拟人类智能行为的计算机系统或机器,是,提高了生活的便利性┋提高了生活的舒适度┋提高了生活的娱乐性,智能家居控制┋健康监测与管理┋家庭安全与监控┋日常出行┋儿童教育与娱乐┋购物与消费┋社交与娱乐,隐私安全问题┋人机关系失衡┋技术故障与不稳定性┋对人类智力的替代性威胁┋社会交往与互动的减少,1.0,更智能化的家居设备┋更个性化的智能助理┋更智能化的家庭健康管理┋更智能化的家庭安全与监控┋更智能化的儿童教育与娱乐,完善技术┋更加便利┋个性化体验┋平衡人机关系┋安全性能提升（隐私保护、防监控等）┋与人的情感交流,1.0,3.0,2.0,1.0,智能家居┋无人驾驶汽车┋智能车载┋健康追踪系统（监控睡眠状况、血压水平等）┋智能娱乐设备,(跳过),希望人工智能能够完成人类所不能够从事的工作，但是不能抢人类饭碗,0,1,0,0,1,0,1,1,0,1,0,1,1,0,1,1,1,1,1,0,1,0,1,1,1,1,0,1,1,1,1,1,0,1,1,0,0,0,1,1,1,1,0,1,0,0,0,1,1,1,1,1,0,0,0,0
94,1,4,2,1,2,其他（请注明）,否,(跳过),智能家居控制┋健康监测与管理┋家庭安全与监控┋日常出行┋儿童教育与娱乐┋购物与消费┋社交与娱乐,隐私安全问题┋人机关系失衡┋技术故障与不稳定性┋对人类智力的替代性威胁┋社会交往与互动的减少,1.0,更智能化的家居设备┋更个性化的智能助理┋更智能化的家庭健康管理┋更智能化的家庭安全与监控┋更智能化的儿童教育与娱乐,完善技术┋更加便利┋个性化体验┋平衡人机关系┋安全性能提升（隐私保护、防监控等）┋与人的情感交流┋其他（请注明）,1.0,2.0,2.0,1.0,智能家居┋健康追踪系统（监控睡眠状况、血压水平等）,(跳过),人性,0,0,1,0,0,1,0,0,0,0,0,1,1,0,1,1,1,1,1,0,1,0,1,1,1,1,0,1,1,1,1,1,0,1,1,1,0,0,1,1,1,1,0,1,0,0,0,0,0,1,0,1,0,0,0,0
95,1,1,0,1,1,一种模拟人类智能行为的计算机系统或机器,是,提高了生活的便利性,智能家居控制┋健康监测与管理┋家庭安全与监控┋儿童教育与娱乐,隐私安全问题┋人机关系失衡┋技术故障与不稳定性┋对人类智力的替代性威胁,2.0,更个性化的智能助理,完善技术┋更加便利┋个性化体验,0.0,3.0,2.0,1.0,智能家居┋无人驾驶汽车┋健康追踪系统（监控睡眠状况、血压水平等）┋智能娱乐设备,(跳过),无,0,1,0,0,0,0,1,0,0,0,0,1,1,0,1,0,1,0,0,0,1,0,1,1,0,1,0,1,0,0,0,0,0,0,1,0,0,0,0,1,0,1,0,1,0,0,0,1,1,1,0,1,0,0,0,0
96,1,2,2,2,2,一种模拟人类智能行为的计算机系统或机器┋其他（请注明）,是,提高了生活的便利性,智能家居控制┋健康监测与管理┋家庭安全与监控┋日常出行┋购物与消费┋社交与娱乐,隐私安全问题┋技术故障与不稳定性,1.0,更智能化的家居设备┋更个性化的智能助理┋更智能化的家庭健康管理┋更智能化的家庭安全与监控,完善技术┋更加便利┋个性化体验┋平衡人机关系┋安全性能提升（隐私保护、防监控等）┋与人的情感交流,0.0,3.0,2.0,1.0,健康追踪系统（监控睡眠状况、血压水平等）,(跳过),无,0,1,1,0,0,0,1,0,0,0,0,1,0,0,1,1,1,1,1,0,0,0,0,1,0,1,0,1,0,1,1,1,0,1,1,0,0,0,1,1,1,1,0,1,0,0,0,0,0,0,0,1,0,0,0,0
97,1,2,2,1,1,一种模拟人类智能行为的计算机系统或机器,否,(跳过),家庭安全与监控,人机关系失衡,0.0,更智能化的家庭健康管理,平衡人机关系,0.0,3.0,0.0,0.0,(跳过),安全性不确定（担心监视、信息泄露等）,无,0,1,0,0,0,1,0,0,0,0,0,0,0,0,1,0,0,0,0,0,1,0,0,0,0,0,0,0,0,0,1,0,0,0,0,0,0,0,0,0,1,0,1,0,0,0,0,0,0,0,0,0,0,0,1,0
98,1,3,1,1,0,(跳过),(跳过),(跳过),(跳过),(跳过),,(跳过),(跳过),,,,,(跳过),(跳过),(跳过),1,0,0,0,0,1,0,0,0,0,1,0,0,0,0,0,0,0,0,1,0,0,0,0,0,0,1,0,0,0,0,0,1,0,0,0,0,0,0,0,0,0,1,0,0,0,0,0,0,0,0,1,0,0,0,0
99,0,2,2,1,2,一种模拟人类智能行为的计算机系统或机器,是,提高了生活的便利性┋提高了生活的舒适度┋提高了生活的娱乐性,智能家居控制┋健康监测与管理┋家庭安全与监控┋日常出行,隐私安全问题┋技术故障与不稳定性,2.0,更智能化的家居设备┋更个性化的智能助理,完善技术┋更加便利┋个性化体验,0.0,3.0,2.0,1.0,智能家居┋健康追踪系统（监控睡眠状况、血压水平等）┋智能娱乐设备,(跳过),无,0,1,0,0,0,0,1,1,0,1,0,1,0,0,1,1,1,0,0,0,0,0,0,1,0,1,0,1,0,1,0,0,0,0,1,0,0,0,0,1,0,1,0,1,0,0,0,0,1,1,0,1,0,0,0,0
100,0,1,2,1,2,一种模拟人类智能行为的计算机系统或机器,是,提高了生活的便利性┋提高了生活的舒适度,智能家居控制┋健康监测与管理┋家庭安全与监控┋日常出行,人机关系失衡┋技术故障与不稳定性┋社会交往与互动的减少,2.0,更智能化的家居设备┋更个性化的智能助理┋更智能化的家庭健康管理┋更智能化的家庭安全与监控,完善技术┋个性化体验┋平衡人机关系┋安全性能提升（隐私保护、防监控等）,0.0,3.0,2.0,1.0,智能家居┋无人驾驶汽车┋智能车载┋健康追踪系统（监控睡眠状况、血压水平等）,(跳过),未来无法预测更无法改变，拥抱变化，AI只是工具并不能代替人的情感和交流更没有感官和情感，虽然很方便，但不要过于依赖,0,1,0,0,0,0,1,0,0,1,0,1,0,0,1,1,1,0,0,0,1,0,0,1,1,0,0,1,0,1,1,1,0,0,1,0,0,0,1,1,1,0,0,1,0,0,0,1,0,1,1,1,0,0,0,0
101,0,2,0,0,2,一种模拟人类智能行为的计算机系统或机器,否,(跳过),智能家居控制┋健康监测与管理┋家庭安全与监控┋社交与娱乐,隐私安全问题┋人机关系失衡┋技术故障与不稳定性┋对人类智力的替代性威胁┋社会交往与互动的减少,2.0,更智能化的家居设备┋更智能化的家庭健康管理┋更智能化的家庭安全与监控┋更智能化的儿童教育与娱乐,完善技术┋更加便利┋个性化体验┋平衡人机关系┋安全性能提升（隐私保护、防监控等）┋与人的情感交流,0.0,3.0,2.0,1.0,智能家居┋无人驾驶汽车┋智能车载,(跳过),物美价廉,0,1,0,0,0,1,0,0,0,0,0,1,0,0,1,0,1,1,0,0,1,0,1,1,1,1,0,0,1,1,1,1,0,1,1,0,0,0,1,1,1,1,0,0,0,0,0,1,0,1,1,1,0,0,0,0
102,1,0,1,2,2,一种模拟人类智能行为的计算机系统或机器,否,(跳过),家庭安全与监控,技术故障与不稳定性,1.0,更智能化的家庭安全与监控,平衡人机关系,0.0,1.0,0.0,1.0,智能车载,(跳过),。。,0,1,0,0,0,1,0,0,0,0,0,0,0,0,1,0,0,0,0,0,0,0,0,1,0,0,0,0,0,0,0,1,0,0,0,0,0,0,0,0,1,0,0,0,0,0,0,0,0,0,1,1,0,0,0,0
103,0,1,0,2,3,一种模拟人类智能行为的计算机系统或机器,是,提高了生活的便利性┋提高了生活的安全性┋提高了生活的舒适度┋提高了生活的娱乐性,智能家居控制┋健康监测与管理┋家庭安全与监控┋日常出行┋儿童教育与娱乐,隐私安全问题┋技术故障与不稳定性┋对人类智力的替代性威胁,2.0,更智能化的家居设备┋更智能化的家庭健康管理,更加便利┋平衡人机关系,0.0,1.0,2.0,1.0,智能家居┋无人驾驶汽车┋智能车载┋健康追踪系统（监控睡眠状况、血压水平等）┋智能娱乐设备,(跳过),无,0,1,0,0,0,0,1,1,1,1,0,1,1,0,1,1,1,0,0,0,0,0,1,1,0,1,0,0,0,1,1,0,0,0,0,0,0,0,0,0,1,1,0,1,0,0,0,1,1,1,1,1,0,0,0,0
104,1,1,7,0,1,一种模拟人类智能行为的计算机系统或机器,否,(跳过),智能家居控制┋健康监测与管理┋家庭安全与监控┋购物与消费,技术故障与不稳定性┋对人类智力的替代性威胁┋社会交往与互动的减少,1.0,更个性化的智能助理┋更智能化的家庭健康管理┋更智能化的家庭安全与监控,个性化体验┋与人的情感交流,1.0,3.0,1.0,0.0,(跳过),价格太贵┋安全性不确定（担心监视、信息泄露等）,无,0,1,0,0,0,1,0,0,0,0,0,1,0,0,1,0,1,0,1,0,0,0,1,1,1,0,0,1,0,0,1,1,0,1,1,0,0,0,0,0,0,0,1,0,0,0,0,0,0,0,0,0,1,0,1,0
105,0,1,4,2,3,就是机器人┋其他（请注明）,否,(跳过),健康监测与管理,对人类智力的替代性威胁,1.0,更个性化的智能助理,更加便利,0.0,0.0,2.0,0.0,(跳过),更喜欢遵循传统,无,0,0,1,0,1,1,0,0,0,0,0,1,0,0,0,0,0,0,0,0,0,0,1,0,0,0,0,1,0,0,0,0,0,0,0,0,0,0,0,0,0,1,1,0,0,0,0,0,0,0,0,0,0,0,0,1
106,1,1,0,1,1,其他（请注明）,是,提高了生活的舒适度,智能家居控制┋购物与消费,人机关系失衡┋技术故障与不稳定性,0.0,更个性化的智能助理┋更智能化的家庭健康管理,更加便利┋个性化体验,0.0,3.0,0.0,1.0,无人驾驶汽车┋智能车载,(跳过),无,0,0,1,0,0,0,0,0,0,1,0,0,0,0,0,0,1,0,1,0,1,0,0,1,0,0,0,1,0,0,1,0,0,0,1,0,0,0,0,0,0,1,0,0,0,0,0,1,0,0,1,1,0,0,0,0
107,0,5,6,1,2,一种模拟人类智能行为的计算机系统或机器,是,提高了生活的便利性,日常出行,技术故障与不稳定性,2.0,更个性化的智能助理,更加便利,0.0,3.0,2.0,1.0,智能家居,(跳过),发展更便利、可靠、安全。,0,1,0,0,0,0,1,0,0,0,0,0,0,0,0,1,0,0,0,0,0,0,0,1,0,0,0,1,0,0,0,0,0,0,0,0,0,0,0,0,0,1,0,0,0,0,0,0,0,1,0,1,0,0,0,0
108,0,1,3,1,2,一种模拟人类智能行为的计算机系统或机器,是,提高了生活的便利性┋提高了生活的舒适度┋提高了生活的娱乐性,智能家居控制┋健康监测与管理┋儿童教育与娱乐┋社交与娱乐,隐私安全问题┋人机关系失衡┋社会交往与互动的减少,2.0,更智能化的家居设备┋更智能化的家庭健康管理┋更智能化的家庭安全与监控,完善技术┋更加便利┋平衡人机关系,1.0,3.0,0.0,0.0,(跳过),安全性不确定（担心监视、信息泄露等）┋更喜欢遵循传统,发展符合社会发展规律，符合道德伦理,0,1,0,0,0,0,1,1,0,1,0,1,1,0,0,0,1,1,0,0,1,0,0,0,1,1,0,0,0,1,1,1,0,0,0,0,0,0,0,1,1,1,1,0,0,0,0,0,0,0,0,0,0,0,1,1
109,0,3,2,1,1,就是机器人┋一种模拟人类智能行为的计算机系统或机器,是,提高了生活的便利性┋提高了生活的安全性┋提高了生活的舒适度┋提高了生活的娱乐性,智能家居控制┋健康监测与管理┋家庭安全与监控┋日常出行┋儿童教育与娱乐┋购物与消费┋社交与娱乐,隐私安全问题┋人机关系失衡┋技术故障与不稳定性┋对人类智力的替代性威胁┋社会交往与互动的减少,2.0,更智能化的家居设备┋更个性化的智能助理┋更智能化的家庭健康管理┋更智能化的家庭安全与监控┋更智能化的儿童教育与娱乐,完善技术┋更加便利┋个性化体验┋平衡人机关系┋安全性能提升（隐私保护、防监控等）,0.0,3.0,2.0,1.0,智能家居┋健康追踪系统（监控睡眠状况、血压水平等）┋智能娱乐设备,(跳过),希望越来越多的人了解人工智能，更多的人用上人工智能设备,0,1,0,0,1,0,1,1,1,1,0,1,1,0,1,1,1,1,1,0,1,0,1,1,1,1,0,1,1,1,1,1,0,0,1,0,0,0,1,1,1,1,0,1,0,0,0,0,1,1,0,1,0,0,0,0
110,1,4,2,1,1,一种模拟人类智能行为的计算机系统或机器,否,(跳过),智能家居控制┋健康监测与管理┋家庭安全与监控,隐私安全问题┋人机关系失衡┋对人类智力的替代性威胁,1.0,更智能化的家居设备┋更个性化的智能助理┋更智能化的家庭健康管理┋更智能化的家庭安全与监控,完善技术┋更加便利┋平衡人机关系┋安全性能提升（隐私保护、防监控等）,1.0,3.0,0.0,1.0,智能家居┋健康追踪系统（监控睡眠状况、血压水平等）┋智能娱乐设备,(跳过),希望更加完善,0,1,0,0,0,1,0,0,0,0,0,1,0,0,1,0,1,0,0,0,1,0,1,0,0,1,0,1,0,1,1,1,0,0,0,0,0,0,1,1,1,1,0,1,0,0,0,0,1,1,0,1,0,0,0,0
111,1,3,3,2,2,就是机器人,否,(跳过),健康监测与管理,对人类智力的替代性威胁,0.0,更个性化的智能助理,个性化体验,0.0,2.0,0.0,1.0,无人驾驶汽车,(跳过),无,0,0,0,0,1,1,0,0,0,0,0,1,0,0,0,0,0,0,0,0,0,0,1,0,0,0,0,1,0,0,0,0,0,0,1,0,0,0,0,0,0,0,0,0,0,0,0,1,0,0,0,1,0,0,0,0
112,0,2,1,1,1,一种模拟人类智能行为的计算机系统或机器,是,提高了生活的舒适度,健康监测与管理┋日常出行,人机关系失衡┋技术故障与不稳定性,0.0,更智能化的家庭安全与监控,平衡人机关系,1.0,1.0,0.0,0.0,(跳过),安全性不确定（担心监视、信息泄露等）,1,0,1,0,0,0,0,0,0,0,1,0,1,0,0,0,1,0,0,0,0,1,0,0,1,0,0,0,0,0,0,0,1,0,0,0,0,0,0,0,0,1,0,1,0,0,0,0,0,0,0,0,0,0,0,1,0
113,1,3,4,2,1,就是机器人┋一种模拟人类智能行为的计算机系统或机器,是,提高了生活的便利性┋提高了生活的安全性┋提高了生活的舒适度,健康监测与管理┋日常出行┋儿童教育与娱乐,人机关系失衡┋技术故障与不稳定性┋对人类智力的替代性威胁,0.0,更智能化的家居设备┋更智能化的家庭健康管理┋更智能化的家庭安全与监控,更加便利┋个性化体验┋平衡人机关系,1.0,3.0,0.0,1.0,智能家居┋智能车载┋健康追踪系统（监控睡眠状况、血压水平等）,(跳过),无,0,1,0,0,1,0,1,0,1,1,0,1,1,0,0,1,0,0,0,0,1,0,1,1,0,0,0,0,0,1,1,1,0,0,1,0,0,0,0,0,1,1,0,1,0,0,0,0,0,1,1,1,0,0,0,0
114,1,3,4,2,2,一种模拟人类智能行为的计算机系统或机器,是,提高了生活的舒适度,健康监测与管理┋日常出行┋儿童教育与娱乐,对人类智力的替代性威胁┋社会交往与互动的减少,2.0,更个性化的智能助理┋更智能化的家庭安全与监控,个性化体验,1.0,2.0,2.0,1.0,健康追踪系统（监控睡眠状况、血压水平等）,(跳过),越来越好,0,1,0,0,0,0,0,0,0,1,0,1,1,0,0,1,0,0,0,0,0,0,1,0,1,0,0,1,0,0,0,1,0,0,1,0,0,0,0,0,0,0,0,1,0,0,0,0,0,0,0,1,0,0,0,0
115,1,1,1,1,1,一种模拟人类智能行为的计算机系统或机器,是,提高了生活的便利性┋提高了生活的娱乐性,智能家居控制┋日常出行┋儿童教育与娱乐,人机关系失衡┋对人类智力的替代性威胁,2.0,更智能化的家庭健康管理,更加便利┋平衡人机关系,1.0,3.0,2.0,0.0,(跳过),价格太贵,无,0,1,0,0,0,0,1,1,0,0,0,0,1,0,0,1,1,0,0,0,1,0,1,0,0,0,0,0,0,0,1,0,0,0,0,0,0,0,0,0,1,1,1,0,0,0,0,0,0,0,0,0,1,0,0,0
116,0,5,2,1,2,就是机器人┋一种模拟人类智能行为的计算机系统或机器,否,(跳过),智能家居控制┋健康监测与管理┋家庭安全与监控┋购物与消费,人机关系失衡┋技术故障与不稳定性┋社会交往与互动的减少,1.0,更智能化的家居设备┋更个性化的智能助理┋更智能化的家庭健康管理┋更智能化的家庭安全与监控,完善技术┋更加便利┋个性化体验┋与人的情感交流,0.0,3.0,1.0,1.0,智能家居┋健康追踪系统（监控睡眠状况、血压水平等）,(跳过),无,0,1,0,0,1,1,0,0,0,0,0,1,0,0,1,0,1,0,1,0,1,0,0,1,1,0,0,1,0,1,1,1,0,1,1,0,0,0,0,1,0,1,0,1,0,0,0,0,0,1,0,1,0,0,0,0
117,0,5,2,2,3,就是机器人┋其他（请注明）,否,(跳过),健康监测与管理┋儿童教育与娱乐,隐私安全问题┋技术故障与不稳定性┋对人类智力的替代性威胁,0.0,更个性化的智能助理┋更智能化的儿童教育与娱乐,更加便利┋平衡人机关系,0.0,3.0,0.0,1.0,智能车载┋智能娱乐设备,(跳过),。,0,0,1,0,1,1,0,0,0,0,0,1,1,0,0,0,0,0,0,0,0,0,1,1,0,1,0,1,1,0,0,0,0,0,0,0,0,0,0,0,1,1,0,0,0,0,0,0,1,0,1,1,0,0,0,0
118,1,2,2,1,3,一种模拟人类智能行为的计算机系统或机器,是,提高了生活的便利性┋提高了生活的安全性┋提高了生活的舒适度┋提高了生活的娱乐性,智能家居控制┋健康监测与管理┋家庭安全与监控┋日常出行┋儿童教育与娱乐,隐私安全问题┋人机关系失衡┋技术故障与不稳定性┋对人类智力的替代性威胁┋社会交往与互动的减少,2.0,更个性化的智能助理┋更智能化的家庭健康管理┋更智能化的家庭安全与监控┋更智能化的儿童教育与娱乐,完善技术┋更加便利┋个性化体验┋平衡人机关系┋安全性能提升（隐私保护、防监控等）┋与人的情感交流,1.0,1.0,2.0,1.0,无人驾驶汽车┋智能车载┋健康追踪系统（监控睡眠状况、血压水平等）┋智能娱乐设备,(跳过),无,0,1,0,0,0,0,1,1,1,1,0,1,1,0,1,1,1,0,0,0,1,0,1,1,1,1,0,1,1,0,1,1,0,1,1,0,0,0,1,1,1,1,0,1,0,0,0,1,1,0,1,1,0,0,0,0
119,1,2,3,2,2,就是机器人┋一种模拟人类智能行为的计算机系统或机器,是,提高了生活的便利性┋提高了生活的舒适度,家庭安全与监控┋日常出行┋购物与消费,人机关系失衡┋对人类智力的替代性威胁┋社会交往与互动的减少,2.0,更智能化的家居设备┋更智能化的家庭健康管理┋更智能化的家庭安全与监控,更加便利┋个性化体验┋安全性能提升（隐私保护、防监控等）,0.0,2.0,0.0,0.0,(跳过),价格太贵┋更喜欢遵循传统,无,0,1,0,0,1,0,1,0,0,1,0,0,0,0,1,1,0,0,1,0,1,0,1,0,1,0,0,0,0,1,1,1,0,0,1,0,0,0,1,0,0,1,1,0,0,0,0,0,0,0,0,0,1,0,0,1
120,0,3,3,1,1,一种模拟人类智能行为的计算机系统或机器,是,提高了生活的安全性┋提高了生活的舒适度,智能家居控制┋健康监测与管理┋家庭安全与监控,隐私安全问题┋技术故障与不稳定性┋对人类智力的替代性威胁,2.0,更智能化的家居设备┋更个性化的智能助理┋更智能化的家庭健康管理,完善技术┋更加便利┋个性化体验,1.0,2.0,2.0,1.0,智能家居┋无人驾驶汽车,(跳过),无,0,1,0,0,0,0,0,0,1,1,0,1,0,0,1,0,1,0,0,0,0,0,1,1,0,1,0,1,0,1,1,0,0,0,1,0,0,0,0,1,0,1,0,0,0,0,0,1,0,1,0,1,0,0,0,0
121,0,3,6,1,3,一种模拟人类智能行为的计算机系统或机器,是,提高了生活的便利性┋提高了生活的安全性┋提高了生活的舒适度,智能家居控制┋健康监测与管理┋家庭安全与监控,隐私安全问题┋人机关系失衡┋对人类智力的替代性威胁,2.0,更智能化的家居设备┋更智能化的家庭健康管理┋更智能化的家庭安全与监控,完善技术┋个性化体验┋平衡人机关系,0.0,3.0,2.0,1.0,智能家居┋智能车载┋健康追踪系统（监控睡眠状况、血压水平等）,(跳过),希望越来越好,0,1,0,0,0,0,1,0,1,1,0,1,0,0,1,0,1,0,0,0,1,0,1,0,0,1,0,0,0,1,1,1,0,0,1,0,0,0,0,1,1,0,0,1,0,0,0,0,0,1,1,1,0,0,0,0
122,1,1,0,1,1,一种模拟人类智能行为的计算机系统或机器,否,(跳过),智能家居控制┋日常出行┋社交与娱乐,隐私安全问题┋技术故障与不稳定性┋对人类智力的替代性威胁,1.0,更个性化的智能助理┋更智能化的家庭安全与监控,更加便利┋平衡人机关系┋安全性能提升（隐私保护、防监控等）,1.0,3.0,0.0,1.0,智能家居┋智能娱乐设备,(跳过),没有,0,1,0,0,0,1,0,0,0,0,0,0,0,0,0,1,1,1,0,0,0,0,1,1,0,1,0,1,0,0,0,1,0,0,0,0,0,0,1,0,1,1,0,0,0,0,0,0,1,1,0,1,0,0,0,0
123,0,3,2,2,2,一种模拟人类智能行为的计算机系统或机器,是,提高了生活的便利性┋提高了生活的舒适度,智能家居控制┋日常出行┋购物与消费┋社交与娱乐,隐私安全问题┋技术故障与不稳定性┋社会交往与互动的减少,2.0,更智能化的家居设备┋更智能化的家庭健康管理┋更智能化的儿童教育与娱乐,完善技术┋个性化体验┋与人的情感交流,0.0,3.0,2.0,1.0,智能家居┋无人驾驶汽车┋健康追踪系统（监控睡眠状况、血压水平等）┋智能娱乐设备,(跳过),老年人照料,0,1,0,0,0,0,1,0,0,1,0,0,0,0,0,1,1,1,1,0,0,0,0,1,1,1,0,0,1,1,1,0,0,1,1,0,0,0,0,1,0,0,0,1,0,0,0,1,1,1,0,1,0,0,0,0
124,0,1,0,1,2,一种模拟人类智能行为的计算机系统或机器,是,提高了生活的便利性┋提高了生活的安全性┋提高了生活的舒适度┋提高了生活的娱乐性,智能家居控制┋健康监测与管理┋家庭安全与监控┋日常出行┋儿童教育与娱乐┋购物与消费┋社交与娱乐,隐私安全问题┋人机关系失衡┋技术故障与不稳定性┋对人类智力的替代性威胁┋社会交往与互动的减少,2.0,更智能化的家居设备┋更个性化的智能助理┋更智能化的家庭健康管理┋更智能化的家庭安全与监控┋更智能化的儿童教育与娱乐,完善技术┋更加便利┋个性化体验┋平衡人机关系┋安全性能提升（隐私保护、防监控等）┋与人的情感交流,1.0,3.0,2.0,1.0,智能家居┋无人驾驶汽车┋智能车载┋健康追踪系统（监控睡眠状况、血压水平等）┋智能娱乐设备,(跳过),无,0,1,0,0,0,0,1,1,1,1,0,1,1,0,1,1,1,1,1,0,1,0,1,1,1,1,0,1,1,1,1,1,0,1,1,0,0,0,1,1,1,1,0,1,0,0,0,1,1,1,1,1,0,0,0,0
125,0,2,4,3,3,就是机器人┋一种模拟人类智能行为的计算机系统或机器,否,(跳过),健康监测与管理┋儿童教育与娱乐┋社交与娱乐,隐私安全问题┋人机关系失衡┋对人类智力的替代性威胁,2.0,更智能化的家居设备┋更个性化的智能助理┋更智能化的家庭健康管理,完善技术┋更加便利┋安全性能提升（隐私保护、防监控等）,0.0,2.0,2.0,0.0,(跳过),(跳过),1981,0,1,0,0,1,1,0,0,0,0,0,1,1,0,0,0,0,1,0,0,1,0,1,0,0,1,0,1,0,1,1,0,0,0,0,0,0,0,1,1,0,1,1,0,0,0,0,0,0,0,0,1,0,0,0,0
126,1,2,2,3,3,就是机器人┋一种模拟人类智能行为的计算机系统或机器,是,提高了生活的便利性┋提高了生活的娱乐性,日常出行┋儿童教育与娱乐┋购物与消费,人机关系失衡┋技术故障与不稳定性┋对人类智力的替代性威胁,1.0,更智能化的家居设备┋更个性化的智能助理┋更智能化的家庭健康管理,完善技术┋更加便利┋与人的情感交流,0.0,0.0,1.0,0.0,(跳过),(跳过),123,0,1,0,0,1,0,1,1,0,0,0,0,1,0,0,1,0,0,1,0,1,0,1,1,0,0,0,1,0,1,1,0,0,1,0,0,0,0,0,1,0,1,1,0,0,0,0,0,0,0,0,1,0,0,0,0
127,1,4,3,1,2,一种模拟人类智能行为的计算机系统或机器,是,提高了生活的便利性┋提高了生活的舒适度┋提高了生活的娱乐性,智能家居控制┋健康监测与管理┋家庭安全与监控┋日常出行┋儿童教育与娱乐┋购物与消费┋社交与娱乐,隐私安全问题┋人机关系失衡┋技术故障与不稳定性┋对人类智力的替代性威胁┋社会交往与互动的减少,1.0,更智能化的家居设备┋更个性化的智能助理┋更智能化的家庭健康管理┋更智能化的家庭安全与监控┋更智能化的儿童教育与娱乐,平衡人机关系┋安全性能提升（隐私保护、防监控等）┋与人的情感交流,1.0,3.0,2.0,1.0,智能家居┋无人驾驶汽车┋智能车载┋健康追踪系统（监控睡眠状况、血压水平等）┋智能娱乐设备,(跳过),能够平衡好人机关系、健康的、积极的,0,1,0,0,0,0,1,1,0,1,0,1,1,0,1,1,1,1,1,0,1,0,1,1,1,1,0,1,1,1,1,1,0,1,0,0,0,0,1,0,1,0,0,1,0,0,0,1,1,1,1,1,0,0,0,0
128,1,1,0,1,1,一种模拟人类智能行为的计算机系统或机器,是,提高了生活的便利性┋提高了生活的舒适度┋提高了生活的娱乐性,智能家居控制┋健康监测与管理┋家庭安全与监控┋社交与娱乐,隐私安全问题┋技术故障与不稳定性,2.0,更智能化的家居设备┋更个性化的智能助理┋更智能化的家庭健康管理┋更智能化的家庭安全与监控┋更智能化的儿童教育与娱乐,更加便利┋个性化体验┋安全性能提升（隐私保护、防监控等）┋其他（请注明）〖更便宜〗,0.0,3.0,2.0,1.0,智能家居┋智能车载┋健康追踪系统（监控睡眠状况、血压水平等）┋智能娱乐设备,(跳过),更智能更便利是必要要求，如果可以更希望能够降低生产成本的同时降低售价，这样才能有更多的人敢于去尝试智能家居之类的产品，以我身边的例子来看，大多数是因为沾上了人工智能这几个字让人望而却步，不敢购入，觉得没有必要。所以厂商有必要考虑投入市场的售价是否足够亲民，是否充满性价比，这样才能让智能家居普遍化。最后安全问题也需要考虑，在网络时代人们都很注重个人信息安全，不能泄露或者能够用一些简易手段轻易“开盒”，这样的智能家居大家也是不敢用的，我觉得上面这些点日益完善后，大家对智能家居就不会有更多其他偏见。以上仅我个人拙见。,0,1,0,0,0,0,1,1,0,1,0,1,0,0,1,0,1,1,0,0,0,0,0,1,0,1,0,1,1,1,1,1,0,0,1,0,1,0,1,0,0,1,0,1,0,0,0,0,1,1,1,1,0,0,0,0
129,1,1,5,1,2,其他（请注明）,是,提高了生活的安全性,家庭安全与监控┋购物与消费,技术故障与不稳定性┋社会交往与互动的减少,0.0,更智能化的家居设备┋更智能化的家庭健康管理,完善技术┋与人的情感交流,1.0,3.0,2.0,1.0,无人驾驶汽车┋智能娱乐设备,(跳过),7,0,0,1,0,0,0,0,0,1,0,0,0,0,0,1,0,0,0,1,0,0,0,0,1,1,0,0,0,0,1,1,0,0,1,0,0,0,0,0,1,0,0,0,0,0,0,0,1,1,0,0,1,0,0,0,0
130,0,3,2,2,2,就是机器人┋一种模拟人类智能行为的计算机系统或机器,是,提高了生活的安全性┋提高了生活的娱乐性,家庭安全与监控┋儿童教育与娱乐,人机关系失衡┋技术故障与不稳定性┋对人类智力的替代性威胁,2.0,更个性化的智能助理┋更智能化的家庭安全与监控,更加便利┋平衡人机关系,1.0,1.0,2.0,1.0,智能家居┋无人驾驶汽车,(跳过),是的,0,1,0,0,1,0,0,1,1,0,0,0,1,0,1,0,0,0,0,0,1,0,1,1,0,0,0,1,0,0,0,1,0,0,0,0,0,0,0,0,1,1,0,0,0,0,0,1,0,1,0,1,0,0,0,0
131,1,3,2,1,1,一种模拟人类智能行为的计算机系统或机器,是,提高了生活的便利性┋提高了生活的舒适度┋提高了生活的娱乐性,健康监测与管理┋日常出行┋儿童教育与娱乐┋社交与娱乐,人机关系失衡┋技术故障与不稳定性┋社会交往与互动的减少,2.0,更智能化的家居设备┋更智能化的家庭安全与监控┋更智能化的儿童教育与娱乐,个性化体验┋平衡人机关系┋与人的情感交流,1.0,2.0,2.0,1.0,无人驾驶汽车┋智能车载┋健康追踪系统（监控睡眠状况、血压水平等）,(跳过),无,0,1,0,0,0,0,1,1,0,1,0,1,1,0,0,1,0,1,0,0,1,0,0,1,1,0,0,0,1,1,0,1,0,1,1,0,0,0,0,0,1,0,0,1,0,0,0,1,0,0,1,1,0,0,0,0
132,1,1,2,1,1,一种模拟人类智能行为的计算机系统或机器,是,提高了生活的便利性┋提高了生活的安全性┋提高了生活的舒适度,智能家居控制┋健康监测与管理┋家庭安全与监控,隐私安全问题┋技术故障与不稳定性┋对人类智力的替代性威胁,2.0,更智能化的家居设备┋更个性化的智能助理,完善技术┋更加便利┋个性化体验┋安全性能提升（隐私保护、防监控等）,1.0,3.0,1.0,1.0,智能家居┋智能车载,(跳过),更加便利,0,1,0,0,0,0,1,0,1,1,0,1,0,0,1,0,1,0,0,0,0,0,1,1,0,1,0,1,0,1,0,0,0,0,1,0,0,0,1,1,0,1,0,0,0,0,0,0,0,1,1,1,0,0,0,0
133,0,2,1,1,1,一种模拟人类智能行为的计算机系统或机器,是,提高了生活的便利性┋提高了生活的安全性,家庭安全与监控┋购物与消费,隐私安全问题┋人机关系失衡,1.0,更智能化的家居设备┋更个性化的智能助理,更加便利┋平衡人机关系,0.0,3.0,2.0,1.0,智能家居┋无人驾驶汽车,(跳过),无,0,1,0,0,0,0,1,0,1,0,0,0,0,0,1,0,0,0,1,0,1,0,0,0,0,1,0,1,0,1,0,0,0,0,0,0,0,0,0,0,1,1,0,0,0,0,0,1,0,1,0,1,0,0,0,0
134,1,4,3,1,1,一种模拟人类智能行为的计算机系统或机器,否,(跳过),健康监测与管理┋家庭安全与监控,技术故障与不稳定性┋对人类智力的替代性威胁┋社会交往与互动的减少,1.0,更智能化的家居设备┋更智能化的家庭安全与监控┋更智能化的儿童教育与娱乐,平衡人机关系┋安全性能提升（隐私保护、防监控等）,0.0,1.0,1.0,1.0,无人驾驶汽车,(跳过),无,0,1,0,0,0,1,0,0,0,0,0,1,0,0,1,0,0,0,0,0,0,0,1,1,1,0,0,0,1,1,0,1,0,0,0,0,0,0,1,0,1,0,0,0,0,0,0,1,0,0,0,1,0,0,0,0
135,1,1,2,1,1,一种模拟人类智能行为的计算机系统或机器,是,提高了生活的安全性┋提高了生活的舒适度┋提高了生活的娱乐性,健康监测与管理┋家庭安全与监控┋日常出行┋儿童教育与娱乐,人机关系失衡┋技术故障与不稳定性┋对人类智力的替代性威胁┋社会交往与互动的减少,2.0,更智能化的家居设备┋更个性化的智能助理┋更智能化的家庭健康管理┋更智能化的家庭安全与监控┋更智能化的儿童教育与娱乐,个性化体验┋平衡人机关系┋安全性能提升（隐私保护、防监控等）,0.0,3.0,1.0,1.0,无人驾驶汽车┋智能车载┋健康追踪系统（监控睡眠状况、血压水平等）┋智能娱乐设备,(跳过),希望让生活更便捷,0,1,0,0,0,0,0,1,1,1,0,1,1,0,1,1,0,0,0,0,1,0,1,1,1,0,0,1,1,1,1,1,0,0,1,0,0,0,1,0,1,0,0,1,0,0,0,1,1,0,1,1,0,0,0,0
136,0,4,2,1,1,一种模拟人类智能行为的计算机系统或机器,否,(跳过),智能家居控制┋儿童教育与娱乐,隐私安全问题┋人机关系失衡┋技术故障与不稳定性,1.0,更个性化的智能助理┋更智能化的家庭健康管理,更加便利┋个性化体验┋安全性能提升（隐私保护、防监控等）,0.0,3.0,1.0,1.0,智能家居┋无人驾驶汽车┋智能车载┋健康追踪系统（监控睡眠状况、血压水平等）,(跳过),无,0,1,0,0,0,1,0,0,0,0,0,0,1,0,0,0,1,0,0,0,1,0,0,1,0,1,0,1,0,0,1,0,0,0,1,0,0,0,1,0,0,1,0,1,0,0,0,1,0,1,1,1,0,0,0,0
137,0,5,2,1,2,就是机器人┋一种模拟人类智能行为的计算机系统或机器,是,提高了生活的安全性┋提高了生活的舒适度┋提高了生活的娱乐性,智能家居控制┋健康监测与管理┋家庭安全与监控,人机关系失衡┋技术故障与不稳定性┋对人类智力的替代性威胁,2.0,更个性化的智能助理┋更智能化的家庭健康管理┋更智能化的家庭安全与监控,更加便利┋平衡人机关系┋安全性能提升（隐私保护、防监控等）┋与人的情感交流,0.0,1.0,2.0,1.0,智能家居┋无人驾驶汽车┋智能车载┋健康追踪系统（监控睡眠状况、血压水平等）┋智能娱乐设备,(跳过),普及、便宜！,0,1,0,0,1,0,0,1,1,1,0,1,0,0,1,0,1,0,0,0,1,0,1,1,0,0,0,1,0,0,1,1,0,1,0,0,0,0,1,0,1,1,0,1,0,0,0,1,1,1,1,1,0,0,0,0
138,1,4,2,1,1,一种模拟人类智能行为的计算机系统或机器,否,(跳过),智能家居控制┋健康监测与管理┋家庭安全与监控┋日常出行┋购物与消费,隐私安全问题┋技术故障与不稳定性┋对人类智力的替代性威胁,2.0,更智能化的家居设备┋更个性化的智能助理┋更智能化的家庭健康管理┋更智能化的家庭安全与监控,完善技术┋更加便利┋个性化体验,1.0,3.0,2.0,1.0,智能娱乐设备,(跳过),无,0,1,0,0,0,1,0,0,0,0,0,1,0,0,1,1,1,0,1,0,0,0,1,1,0,1,0,1,0,1,1,1,0,0,1,0,0,0,0,1,0,1,0,0,0,0,0,0,1,0,0,1,0,0,0,0
139,1,3,2,1,0,(跳过),(跳过),(跳过),(跳过),(跳过),,(跳过),(跳过),,,,,(跳过),(跳过),(跳过),1,0,0,0,0,1,0,0,0,0,1,0,0,0,0,0,0,0,0,1,0,0,0,0,0,0,1,0,0,0,0,0,1,0,0,0,0,0,0,0,0,0,1,0,0,0,0,0,0,0,0,1,0,0,0,0
140,1,1,3,2,1,就是机器人┋一种模拟人类智能行为的计算机系统或机器,是,提高了生活的便利性┋提高了生活的安全性┋提高了生活的舒适度┋提高了生活的娱乐性,智能家居控制┋健康监测与管理┋家庭安全与监控┋日常出行┋儿童教育与娱乐┋购物与消费┋社交与娱乐,人机关系失衡┋技术故障与不稳定性,1.0,更智能化的家居设备┋更个性化的智能助理┋更智能化的家庭健康管理┋更智能化的家庭安全与监控┋更智能化的儿童教育与娱乐,更加便利┋平衡人机关系,1.0,3.0,2.0,1.0,智能家居┋无人驾驶汽车┋智能车载┋健康追踪系统（监控睡眠状况、血压水平等）┋智能娱乐设备,(跳过),继续改善,0,1,0,0,1,0,1,1,1,1,0,1,1,0,1,1,1,1,1,0,1,0,0,1,0,0,0,1,1,1,1,1,0,0,0,0,0,0,0,0,1,1,0,1,0,0,0,1,1,1,1,1,0,0,0,0
141,0,4,6,1,1,就是机器人┋一种模拟人类智能行为的计算机系统或机器,否,(跳过),智能家居控制┋健康监测与管理┋家庭安全与监控┋儿童教育与娱乐,技术故障与不稳定性┋对人类智力的替代性威胁┋社会交往与互动的减少,2.0,更智能化的家居设备┋更个性化的智能助理┋更智能化的家庭健康管理┋更智能化的家庭安全与监控┋更智能化的儿童教育与娱乐,更加便利┋个性化体验┋平衡人机关系┋安全性能提升（隐私保护、防监控等）,0.0,3.0,2.0,1.0,智能家居┋无人驾驶汽车┋健康追踪系统（监控睡眠状况、血压水平等）,(跳过),暂时没有建议,0,1,0,0,1,1,0,0,0,0,0,1,1,0,1,0,1,0,0,0,0,0,1,1,1,0,0,1,1,1,1,1,0,0,1,0,0,0,1,0,1,1,0,1,0,0,0,1,0,1,0,1,0,0,0,0
142,1,1,0,1,1,一种模拟人类智能行为的计算机系统或机器,是,提高了生活的便利性,健康监测与管理┋家庭安全与监控,隐私安全问题┋人机关系失衡,2.0,更智能化的家居设备┋更个性化的智能助理┋更智能化的家庭健康管理┋更智能化的家庭安全与监控,完善技术┋安全性能提升（隐私保护、防监控等）,0.0,3.0,2.0,1.0,健康追踪系统（监控睡眠状况、血压水平等）,(跳过),无,0,1,0,0,0,0,1,0,0,0,0,1,0,0,1,0,0,0,0,0,1,0,0,0,0,1,0,1,0,1,1,1,0,0,0,0,0,0,1,1,0,0,0,1,0,0,0,0,0,0,0,1,0,0,0,0
143,0,5,2,1,1,一种模拟人类智能行为的计算机系统或机器,否,(跳过),智能家居控制┋家庭安全与监控┋日常出行,隐私安全问题┋技术故障与不稳定性┋对人类智力的替代性威胁┋社会交往与互动的减少,2.0,更个性化的智能助理┋更智能化的家庭健康管理,完善技术┋个性化体验┋平衡人机关系┋安全性能提升（隐私保护、防监控等）┋与人的情感交流,0.0,2.0,2.0,1.0,智能家居┋无人驾驶汽车┋健康追踪系统（监控睡眠状况、血压水平等）,(跳过),更加智能化,0,1,0,0,0,1,0,0,0,0,0,0,0,0,1,1,1,0,0,0,0,0,1,1,1,1,0,1,0,0,1,0,0,1,1,0,0,0,1,1,1,0,0,1,0,0,0,1,0,1,0,1,0,0,0,0
144,1,5,2,1,2,一种模拟人类智能行为的计算机系统或机器,是,提高了生活的便利性,智能家居控制┋健康监测与管理┋家庭安全与监控┋日常出行┋儿童教育与娱乐┋购物与消费┋社交与娱乐,隐私安全问题┋人机关系失衡┋技术故障与不稳定性┋对人类智力的替代性威胁┋社会交往与互动的减少,2.0,更智能化的家居设备┋更个性化的智能助理┋更智能化的家庭健康管理┋更智能化的家庭安全与监控┋更智能化的儿童教育与娱乐,完善技术┋更加便利┋个性化体验┋平衡人机关系┋安全性能提升（隐私保护、防监控等）┋与人的情感交流┋其他（请注明）〖重视〗,1.0,3.0,0.0,1.0,智能家居┋无人驾驶汽车┋智能车载┋健康追踪系统（监控睡眠状况、血压水平等）┋智能娱乐设备┋其他（请注明）〖重视起来〗,(跳过),好,0,1,0,0,0,0,1,0,0,0,0,1,1,0,1,1,1,1,1,0,1,0,1,1,1,1,0,1,1,1,1,1,0,1,1,0,0,1,1,1,1,1,0,1,0,0,1,1,1,1,1,1,0,0,0,0
145,1,3,1,1,1,就是机器人┋一种模拟人类智能行为的计算机系统或机器,是,提高了生活的便利性┋提高了生活的安全性,智能家居控制┋健康监测与管理,隐私安全问题┋人机关系失衡,2.0,更智能化的家居设备┋更个性化的智能助理,完善技术┋更加便利,1.0,2.0,2.0,1.0,智能家居┋无人驾驶汽车,(跳过),没,0,1,0,0,1,0,1,0,1,0,0,1,0,0,0,0,1,0,0,0,1,0,0,0,0,1,0,1,0,1,0,0,0,0,0,0,0,0,0,1,0,1,0,0,0,0,0,1,0,1,0,1,0,0,0,0
146,1,1,2,2,3,一种模拟人类智能行为的计算机系统或机器,是,提高了生活的便利性┋提高了生活的安全性,智能家居控制┋购物与消费,隐私安全问题┋人机关系失衡,1.0,更智能化的家居设备┋更智能化的家庭安全与监控,完善技术┋更加便利,1.0,1.0,2.0,1.0,智能家居┋无人驾驶汽车,(跳过),无,0,1,0,0,0,0,1,0,1,0,0,0,0,0,0,0,1,0,1,0,1,0,0,0,0,1,0,0,0,1,0,1,0,0,0,0,0,0,0,1,0,1,0,0,0,0,0,1,0,1,0,1,0,0,0,0
147,0,3,6,1,2,就是机器人┋一种模拟人类智能行为的计算机系统或机器,否,(跳过),智能家居控制┋家庭安全与监控,隐私安全问题┋对人类智力的替代性威胁,0.0,更智能化的家庭健康管理┋更智能化的家庭安全与监控,个性化体验┋安全性能提升（隐私保护、防监控等）,1.0,1.0,0.0,0.0,(跳过),安全性不确定（担心监视、信息泄露等）┋更喜欢遵循传统,无,0,1,0,0,1,1,0,0,0,0,0,0,0,0,1,0,1,0,0,0,0,0,1,0,0,1,0,0,0,0,1,1,0,0,1,0,0,0,1,0,0,0,1,0,0,0,0,0,0,0,0,0,0,0,1,1
148,0,3,2,2,2,就是机器人┋一种模拟人类智能行为的计算机系统或机器,是,提高了生活的便利性┋提高了生活的舒适度,智能家居控制┋家庭安全与监控┋购物与消费,人机关系失衡┋对人类智力的替代性威胁,1.0,更智能化的家庭健康管理┋更智能化的儿童教育与娱乐,更加便利┋平衡人机关系┋与人的情感交流,1.0,3.0,2.0,1.0,无人驾驶汽车┋健康追踪系统（监控睡眠状况、血压水平等）┋智能娱乐设备,(跳过),没有,0,1,0,0,1,0,1,0,0,1,0,0,0,0,1,0,1,0,1,0,1,0,1,0,0,0,0,0,1,0,1,0,0,1,0,0,0,0,0,0,1,1,0,1,0,0,0,1,1,0,0,1,0,0,0,0
149,1,4,2,1,1,一种模拟人类智能行为的计算机系统或机器,是,提高了生活的便利性┋提高了生活的舒适度┋提高了生活的娱乐性,智能家居控制┋家庭安全与监控┋儿童教育与娱乐┋购物与消费┋社交与娱乐,隐私安全问题┋人机关系失衡┋技术故障与不稳定性,2.0,更智能化的家居设备┋更个性化的智能助理┋更智能化的家庭健康管理┋更智能化的家庭安全与监控┋更智能化的儿童教育与娱乐,完善技术┋更加便利┋个性化体验┋平衡人机关系┋安全性能提升（隐私保护、防监控等）,0.0,3.0,2.0,1.0,智能家居┋无人驾驶汽车┋智能车载┋健康追踪系统（监控睡眠状况、血压水平等）┋智能娱乐设备,(跳过),无,0,1,0,0,0,0,1,1,0,1,0,0,1,0,1,0,1,1,1,0,1,0,0,1,0,1,0,1,1,1,1,1,0,0,1,0,0,0,1,1,1,1,0,1,0,0,0,1,1,1,1,1,0,0,0,0
150,1,3,2,1,0,(跳过),(跳过),(跳过),(跳过),(跳过),,(跳过),(跳过),,,,,(跳过),(跳过),(跳过),1,0,0,0,0,1,0,0,0,0,1,0,0,0,0,0,0,0,0,1,0,0,0,0,0,0,1,0,0,0,0,0,1,0,0,0,0,0,0,0,0,0,1,0,0,0,0,0,0,0,0,1,0,0,0,0
151,1,3,2,1,1,一种模拟人类智能行为的计算机系统或机器,是,提高了生活的安全性┋提高了生活的舒适度,智能家居控制┋健康监测与管理┋家庭安全与监控┋日常出行,隐私安全问题┋人机关系失衡┋对人类智力的替代性威胁,1.0,更智能化的家居设备┋更智能化的家庭健康管理,更加便利┋个性化体验┋平衡人机关系,0.0,3.0,1.0,1.0,无人驾驶汽车┋健康追踪系统（监控睡眠状况、血压水平等）,(跳过),无,0,1,0,0,0,0,0,0,1,1,0,1,0,0,1,1,1,0,0,0,1,0,1,0,0,1,0,0,0,1,1,0,0,0,1,0,0,0,0,0,1,1,0,1,0,0,0,1,0,0,0,1,0,0,0,0
152,0,2,1,1,2,一种模拟人类智能行为的计算机系统或机器,否,(跳过),智能家居控制┋健康监测与管理┋家庭安全与监控,隐私安全问题┋人机关系失衡┋技术故障与不稳定性┋社会交往与互动的减少,2.0,更智能化的家居设备┋更个性化的智能助理┋更智能化的家庭安全与监控,完善技术┋个性化体验┋平衡人机关系,0.0,3.0,1.0,1.0,智能家居┋健康追踪系统（监控睡眠状况、血压水平等）,(跳过),无,0,1,0,0,0,1,0,0,0,0,0,1,0,0,1,0,1,0,0,0,1,0,0,1,1,1,0,1,0,1,0,1,0,0,1,0,0,0,0,1,1,0,0,1,0,0,0,0,0,1,0,1,0,0,0,0
153,0,3,3,1,1,一种模拟人类智能行为的计算机系统或机器,是,提高了生活的便利性┋提高了生活的安全性┋提高了生活的舒适度┋提高了生活的娱乐性,智能家居控制┋健康监测与管理┋家庭安全与监控┋日常出行┋儿童教育与娱乐┋购物与消费┋社交与娱乐,隐私安全问题┋人机关系失衡┋技术故障与不稳定性┋对人类智力的替代性威胁┋社会交往与互动的减少,2.0,更智能化的家居设备┋更个性化的智能助理┋更智能化的家庭健康管理┋更智能化的家庭安全与监控┋更智能化的儿童教育与娱乐,完善技术┋更加便利┋个性化体验┋平衡人机关系┋安全性能提升（隐私保护、防监控等）┋与人的情感交流,0.0,3.0,2.0,1.0,智能家居┋无人驾驶汽车┋智能车载┋健康追踪系统（监控睡眠状况、血压水平等）┋智能娱乐设备,(跳过),无,0,1,0,0,0,0,1,1,1,1,0,1,1,0,1,1,1,1,1,0,1,0,1,1,1,1,0,1,1,1,1,1,0,1,1,0,0,0,1,1,1,1,0,1,0,0,0,1,1,1,1,1,0,0,0,0
154,0,2,1,1,2,就是机器人┋一种模拟人类智能行为的计算机系统或机器,是,提高了生活的便利性┋提高了生活的安全性┋提高了生活的舒适度,智能家居控制┋健康监测与管理┋家庭安全与监控,隐私安全问题┋人机关系失衡┋对人类智力的替代性威胁,2.0,更智能化的家居设备┋更个性化的智能助理┋更智能化的家庭健康管理┋更智能化的家庭安全与监控,完善技术┋更加便利┋个性化体验,1.0,2.0,2.0,1.0,智能家居┋无人驾驶汽车┋智能车载,(跳过),吃vv,0,1,0,0,1,0,1,0,1,1,0,1,0,0,1,0,1,0,0,0,1,0,1,0,0,1,0,1,0,1,1,1,0,0,1,0,0,0,0,1,0,1,0,0,0,0,0,1,0,1,1,1,0,0,0,0
155,0,1,7,1,2,一种模拟人类智能行为的计算机系统或机器,否,(跳过),健康监测与管理┋家庭安全与监控┋日常出行┋儿童教育与娱乐,人机关系失衡,1.0,更智能化的家庭安全与监控┋更智能化的儿童教育与娱乐,平衡人机关系,1.0,3.0,2.0,1.0,智能家居┋无人驾驶汽车┋智能车载┋健康追踪系统（监控睡眠状况、血压水平等）┋智能娱乐设备,(跳过),先完善机制,0,1,0,0,0,1,0,0,0,0,0,1,1,0,1,1,0,0,0,0,1,0,0,0,0,0,0,0,1,0,0,1,0,0,0,0,0,0,0,0,1,0,0,1,0,0,0,1,1,1,1,1,0,0,0,0
156,0,1,0,2,2,一种模拟人类智能行为的计算机系统或机器,是,提高了生活的便利性┋提高了生活的安全性┋提高了生活的舒适度┋提高了生活的娱乐性,智能家居控制┋健康监测与管理┋日常出行,隐私安全问题┋人机关系失衡┋技术故障与不稳定性,2.0,更智能化的家居设备┋更个性化的智能助理┋更智能化的家庭健康管理┋更智能化的家庭安全与监控,完善技术┋更加便利┋平衡人机关系┋安全性能提升（隐私保护、防监控等）,0.0,3.0,2.0,1.0,无人驾驶汽车┋智能车载,(跳过),规范好人工智能的伦理道德规范,0,1,0,0,0,0,1,1,1,1,0,1,0,0,0,1,1,0,0,0,1,0,0,1,0,1,0,1,0,1,1,1,0,0,0,0,0,0,1,1,1,1,0,0,0,0,0,1,0,0,1,1,0,0,0,0
157,1,1,0,2,1,一种模拟人类智能行为的计算机系统或机器,是,提高了生活的便利性┋提高了生活的安全性┋提高了生活的舒适度┋提高了生活的娱乐性,智能家居控制┋健康监测与管理┋家庭安全与监控┋日常出行┋儿童教育与娱乐┋购物与消费┋社交与娱乐,隐私安全问题┋人机关系失衡┋技术故障与不稳定性┋对人类智力的替代性威胁┋社会交往与互动的减少,2.0,更智能化的家居设备┋更个性化的智能助理┋更智能化的家庭健康管理┋更智能化的家庭安全与监控┋更智能化的儿童教育与娱乐,完善技术┋更加便利┋个性化体验┋平衡人机关系┋安全性能提升（隐私保护、防监控等）┋与人的情感交流,0.0,3.0,2.0,1.0,智能家居┋无人驾驶汽车┋智能车载┋健康追踪系统（监控睡眠状况、血压水平等）┋智能娱乐设备,(跳过),无,0,1,0,0,0,0,1,1,1,1,0,1,1,0,1,1,1,1,1,0,1,0,1,1,1,1,0,1,1,1,1,1,0,1,1,0,0,0,1,1,1,1,0,1,0,0,0,1,1,1,1,1,0,0,0,0
158,1,1,0,1,2,一种模拟人类智能行为的计算机系统或机器,是,提高了生活的便利性┋提高了生活的舒适度┋提高了生活的娱乐性,智能家居控制┋家庭安全与监控┋购物与消费┋社交与娱乐,隐私安全问题┋技术故障与不稳定性,1.0,更智能化的家居设备┋更智能化的家庭健康管理┋更智能化的家庭安全与监控,完善技术┋更加便利┋个性化体验┋安全性能提升（隐私保护、防监控等）┋与人的情感交流,0.0,3.0,0.0,1.0,智能家居,(跳过),加油,0,1,0,0,0,0,1,1,0,1,0,0,0,0,1,0,1,1,1,0,0,0,0,1,0,1,0,0,0,1,1,1,0,1,1,0,0,0,1,1,0,1,0,0,0,0,0,0,0,1,0,1,0,0,0,0
159,0,1,0,1,1,一种模拟人类智能行为的计算机系统或机器,是,提高了生活的便利性┋提高了生活的安全性┋提高了生活的舒适度┋提高了生活的娱乐性,智能家居控制┋健康监测与管理┋家庭安全与监控┋日常出行┋儿童教育与娱乐┋购物与消费┋社交与娱乐,隐私安全问题┋人机关系失衡┋技术故障与不稳定性┋对人类智力的替代性威胁┋社会交往与互动的减少,2.0,更智能化的家居设备┋更个性化的智能助理┋更智能化的家庭健康管理┋更智能化的家庭安全与监控┋更智能化的儿童教育与娱乐,完善技术┋更加便利┋个性化体验┋平衡人机关系┋安全性能提升（隐私保护、防监控等）┋与人的情感交流,0.0,3.0,1.0,1.0,智能家居┋无人驾驶汽车┋智能车载┋健康追踪系统（监控睡眠状况、血压水平等）┋智能娱乐设备,(跳过),希望能够在更多方面投入使用,0,1,0,0,0,0,1,1,1,1,0,1,1,0,1,1,1,1,1,0,1,0,1,1,1,1,0,1,1,1,1,1,0,1,1,0,0,0,1,1,1,1,0,1,0,0,0,1,1,1,1,1,0,0,0,0
160,1,1,0,1,2,一种模拟人类智能行为的计算机系统或机器,是,提高了生活的便利性,智能家居控制┋家庭安全与监控,隐私安全问题┋人机关系失衡┋技术故障与不稳定性,1.0,更智能化的家居设备┋更个性化的智能助理,完善技术┋更加便利,0.0,3.0,0.0,1.0,智能家居┋无人驾驶汽车┋健康追踪系统（监控睡眠状况、血压水平等）┋其他（请注明）,(跳过),无,0,1,0,0,0,0,1,0,0,0,0,0,0,0,1,0,1,0,0,0,1,0,0,1,0,1,0,1,0,1,0,0,0,0,0,0,0,0,0,1,0,1,0,1,1,0,0,1,0,1,0,1,0,0,0,0
161,1,1,0,1,1,一种模拟人类智能行为的计算机系统或机器,是,提高了生活的便利性┋提高了生活的舒适度┋提高了生活的娱乐性,智能家居控制┋家庭安全与监控,技术故障与不稳定性,2.0,更智能化的家居设备┋更个性化的智能助理,完善技术┋个性化体验┋安全性能提升（隐私保护、防监控等）,0.0,3.0,1.0,1.0,智能家居┋智能车载┋健康追踪系统（监控睡眠状况、血压水平等）┋智能娱乐设备,(跳过),没有,0,1,0,0,0,0,1,1,0,1,0,0,0,0,1,0,1,0,0,0,0,0,0,1,0,0,0,1,0,1,0,0,0,0,1,0,0,0,1,1,0,0,0,1,0,0,0,0,1,1,1,1,0,0,0,0
162,0,4,1,0,2,一种模拟人类智能行为的计算机系统或机器┋其他（请注明）,否,(跳过),家庭安全与监控,人机关系失衡,0.0,更个性化的智能助理,个性化体验,0.0,3.0,0.0,0.0,(跳过),安全性不确定（担心监视、信息泄露等）,ff,0,1,1,0,0,1,0,0,0,0,0,0,0,0,1,0,0,0,0,0,1,0,0,0,0,0,0,1,0,0,0,0,0,0,1,0,0,0,0,0,0,0,1,0,0,0,0,0,0,0,0,0,0,0,1,0
163,1,4,2,1,1,一种模拟人类智能行为的计算机系统或机器,否,(跳过),智能家居控制┋健康监测与管理┋家庭安全与监控┋日常出行┋儿童教育与娱乐┋购物与消费┋社交与娱乐,隐私安全问题┋人机关系失衡┋技术故障与不稳定性┋社会交往与互动的减少,2.0,更智能化的家居设备┋更个性化的智能助理┋更智能化的家庭健康管理,完善技术┋更加便利┋个性化体验,0.0,3.0,0.0,1.0,无人驾驶汽车┋智能娱乐设备,(跳过),经济环保实惠！,0,1,0,0,0,1,0,0,0,0,0,1,1,0,1,1,1,1,1,0,1,0,0,1,1,1,0,1,0,1,1,0,0,0,1,0,0,0,0,1,0,1,0,0,0,0,0,1,1,0,0,1,0,0,0,0
164,0,1,0,1,1,一种模拟人类智能行为的计算机系统或机器,是,提高了生活的便利性,智能家居控制┋健康监测与管理,隐私安全问题┋人机关系失衡┋技术故障与不稳定性,2.0,更智能化的家居设备┋更智能化的家庭健康管理┋更智能化的儿童教育与娱乐,完善技术┋更加便利┋平衡人机关系┋安全性能提升（隐私保护、防监控等）┋与人的情感交流,0.0,3.0,1.0,1.0,智能家居┋健康追踪系统（监控睡眠状况、血压水平等）┋智能娱乐设备,(跳过),无,0,1,0,0,0,0,1,0,0,0,0,1,0,0,0,0,1,0,0,0,1,0,0,1,0,1,0,0,1,1,1,0,0,1,0,0,0,0,1,1,1,1,0,1,0,0,0,0,1,1,0,1,0,0,0,0
165,1,1,0,1,2,一种模拟人类智能行为的计算机系统或机器,否,(跳过),智能家居控制┋健康监测与管理┋家庭安全与监控┋儿童教育与娱乐,隐私安全问题┋人机关系失衡┋技术故障与不稳定性┋对人类智力的替代性威胁┋社会交往与互动的减少,1.0,更个性化的智能助理┋更智能化的家庭健康管理┋更智能化的家庭安全与监控┋更智能化的儿童教育与娱乐,完善技术┋平衡人机关系┋安全性能提升（隐私保护、防监控等）,1.0,3.0,1.0,1.0,智能家居┋智能车载┋健康追踪系统（监控睡眠状况、血压水平等）┋智能娱乐设备,(跳过),平衡人机关系,0,1,0,0,0,1,0,0,0,0,0,1,1,0,1,0,1,0,0,0,1,0,1,1,1,1,0,1,1,0,1,1,0,0,0,0,0,0,1,1,1,0,0,1,0,0,0,0,1,1,1,1,0,0,0,0
166,1,1,0,1,1,就是机器人,是,提高了生活的便利性┋提高了生活的舒适度┋提高了生活的娱乐性,智能家居控制┋健康监测与管理┋家庭安全与监控┋日常出行┋儿童教育与娱乐,隐私安全问题┋人机关系失衡┋技术故障与不稳定性,1.0,更智能化的家居设备┋更智能化的家庭健康管理┋更智能化的家庭安全与监控┋更智能化的儿童教育与娱乐,完善技术┋个性化体验┋平衡人机关系┋安全性能提升（隐私保护、防监控等）┋与人的情感交流,0.0,3.0,0.0,1.0,智能家居┋健康追踪系统（监控睡眠状况、血压水平等）,(跳过),简洁安全，实用便利，智能高效,0,0,0,0,1,0,1,1,0,1,0,1,1,0,1,1,1,0,0,0,1,0,0,1,0,1,0,0,1,1,1,1,0,1,1,0,0,0,1,1,1,0,0,1,0,0,0,0,0,1,0,1,0,0,0,0
167,0,1,0,2,0,(跳过),(跳过),(跳过),(跳过),(跳过),,(跳过),(跳过),,,,,(跳过),(跳过),(跳过),1,0,0,0,0,1,0,0,0,0,1,0,0,0,0,0,0,0,0,1,0,0,0,0,0,0,1,0,0,0,0,0,1,0,0,0,0,0,0,0,0,0,1,0,0,0,0,0,0,0,0,1,0,0,0,0
168,1,1,0,2,1,一种模拟人类智能行为的计算机系统或机器,是,提高了生活的便利性┋提高了生活的安全性┋提高了生活的舒适度┋提高了生活的娱乐性,智能家居控制┋健康监测与管理┋家庭安全与监控┋儿童教育与娱乐,人机关系失衡┋技术故障与不稳定性┋社会交往与互动的减少,1.0,更智能化的家居设备┋更智能化的家庭健康管理┋更智能化的家庭安全与监控┋更智能化的儿童教育与娱乐,完善技术┋更加便利┋个性化体验┋安全性能提升（隐私保护、防监控等）,0.0,3.0,1.0,1.0,智能家居,(跳过),更加便利快捷,0,1,0,0,0,0,1,1,1,1,0,1,1,0,1,0,1,0,0,0,1,0,0,1,1,0,0,0,1,1,1,1,0,0,1,0,0,0,1,1,0,1,0,0,0,0,0,0,0,1,0,1,0,0,0,0
169,0,2,1,2,2,一种模拟人类智能行为的计算机系统或机器,否,(跳过),健康监测与管理,人机关系失衡,0.0,更个性化的智能助理,个性化体验,0.0,1.0,1.0,1.0,无人驾驶汽车,(跳过),ff,0,1,0,0,0,1,0,0,0,0,0,1,0,0,0,0,0,0,0,0,1,0,0,0,0,0,0,1,0,0,0,0,0,0,1,0,0,0,0,0,0,0,0,0,0,0,0,1,0,0,0,1,0,0,0,0
170,1,1,0,1,2,一种模拟人类智能行为的计算机系统或机器,是,提高了生活的便利性┋提高了生活的舒适度,智能家居控制┋健康监测与管理┋儿童教育与娱乐,隐私安全问题┋技术故障与不稳定性,2.0,更智能化的家居设备┋更智能化的家庭健康管理┋更智能化的家庭安全与监控,个性化体验┋安全性能提升（隐私保护、防监控等）,0.0,3.0,2.0,1.0,智能家居,(跳过),把价格打下来,0,1,0,0,0,0,1,0,0,1,0,1,1,0,0,0,1,0,0,0,0,0,0,1,0,1,0,0,0,1,1,1,0,0,1,0,0,0,1,0,0,0,0,0,0,0,0,0,0,1,0,1,0,0,0,0
171,1,3,7,2,1,一种模拟人类智能行为的计算机系统或机器,否,(跳过),智能家居控制,对人类智力的替代性威胁,2.0,更个性化的智能助理,更加便利┋平衡人机关系┋安全性能提升（隐私保护、防监控等）,1.0,0.0,2.0,1.0,智能家居┋无人驾驶汽车┋智能车载┋健康追踪系统（监控睡眠状况、血压水平等）┋智能娱乐设备,(跳过),好样的,0,1,0,0,0,1,0,0,0,0,0,0,0,0,0,0,1,0,0,0,0,0,1,0,0,0,0,1,0,0,0,0,0,0,0,0,0,0,1,0,1,1,0,1,0,0,0,1,1,1,1,1,0,0,0,0
172,1,4,2,1,0,(跳过),(跳过),(跳过),(跳过),(跳过),,(跳过),(跳过),,,,,(跳过),(跳过),(跳过),1,0,0,0,0,1,0,0,0,0,1,0,0,0,0,0,0,0,0,1,0,0,0,0,0,0,1,0,0,0,0,0,1,0,0,0,0,0,0,0,0,0,1,0,0,0,0,0,0,0,0,1,0,0,0,0
173,0,4,6,1,2,其他（请注明）,否,(跳过),健康监测与管理,隐私安全问题,1.0,更智能化的家居设备,完善技术,0.0,1.0,2.0,1.0,无人驾驶汽车,(跳过),gv,0,0,1,0,0,1,0,0,0,0,0,1,0,0,0,0,0,0,0,0,0,0,0,0,0,1,0,0,0,1,0,0,0,0,0,0,0,0,0,1,0,0,0,0,0,0,0,1,0,0,0,1,0,0,0,0
174,0,5,1,1,0,(跳过),(跳过),(跳过),(跳过),(跳过),,(跳过),(跳过),,,,,(跳过),(跳过),(跳过),1,0,0,0,0,1,0,0,0,0,1,0,0,0,0,0,0,0,0,1,0,0,0,0,0,0,1,0,0,0,0,0,1,0,0,0,0,0,0,0,0,0,1,0,0,0,0,0,0,0,0,1,0,0,0,0
175,0,6,7,1,2,一种模拟人类智能行为的计算机系统或机器,否,(跳过),社交与娱乐,社会交往与互动的减少,1.0,更智能化的家庭健康管理,安全性能提升（隐私保护、防监控等）,0.0,3.0,1.0,0.0,(跳过),更喜欢遵循传统,xxxxxx,0,1,0,0,0,1,0,0,0,0,0,0,0,0,0,0,0,1,0,0,0,0,0,0,1,0,0,0,0,0,1,0,0,0,0,0,0,0,1,0,0,0,1,0,0,0,0,0,0,0,0,0,0,0,0,1
176,1,1,0,2,1,一种模拟人类智能行为的计算机系统或机器,否,(跳过),健康监测与管理,社会交往与互动的减少,1.0,更智能化的家庭健康管理,完善技术┋与人的情感交流,0.0,1.0,1.0,0.0,(跳过),更喜欢遵循传统,五,0,1,0,0,0,1,0,0,0,0,0,1,0,0,0,0,0,0,0,0,0,0,0,0,1,0,0,0,0,0,1,0,0,1,0,0,0,0,0,1,0,0,1,0,0,0,0,0,0,0,0,0,0,0,0,1
177,1,2,1,1,2,一种模拟人类智能行为的计算机系统或机器,是,提高了生活的便利性┋提高了生活的安全性┋提高了生活的舒适度┋提高了生活的娱乐性,智能家居控制┋健康监测与管理┋家庭安全与监控┋日常出行┋儿童教育与娱乐┋购物与消费┋社交与娱乐,隐私安全问题┋人机关系失衡┋技术故障与不稳定性┋社会交往与互动的减少,2.0,更智能化的家居设备┋更个性化的智能助理┋更智能化的家庭健康管理┋更智能化的家庭安全与监控┋更智能化的儿童教育与娱乐,完善技术┋更加便利┋个性化体验┋平衡人机关系┋安全性能提升（隐私保护、防监控等）┋与人的情感交流,0.0,3.0,2.0,1.0,智能家居┋无人驾驶汽车┋智能车载┋健康追踪系统（监控睡眠状况、血压水平等）┋智能娱乐设备,(跳过),无,0,1,0,0,0,0,1,1,1,1,0,1,1,0,1,1,1,1,1,0,1,0,0,1,1,1,0,1,1,1,1,1,0,1,1,0,0,0,1,1,1,1,0,1,0,0,0,1,1,1,1,1,0,0,0,0
178,0,3,1,1,2,一种模拟人类智能行为的计算机系统或机器,是,提高了生活的舒适度┋提高了生活的娱乐性,智能家居控制┋健康监测与管理┋家庭安全与监控┋日常出行┋儿童教育与娱乐┋社交与娱乐,隐私安全问题┋技术故障与不稳定性,2.0,更智能化的家居设备┋更个性化的智能助理┋更智能化的家庭健康管理,更加便利┋安全性能提升（隐私保护、防监控等）┋与人的情感交流,0.0,3.0,2.0,1.0,智能家居┋无人驾驶汽车┋健康追踪系统（监控睡眠状况、血压水平等）┋智能娱乐设备,(跳过),提高智能化程度，人机交互更便捷,0,1,0,0,0,0,0,1,0,1,0,1,1,0,1,1,1,1,0,0,0,0,0,1,0,1,0,1,0,1,1,0,0,1,0,0,0,0,1,0,0,1,0,1,0,0,0,1,1,1,0,1,0,0,0,0
179,1,4,4,2,0,(跳过),(跳过),(跳过),(跳过),(跳过),,(跳过),(跳过),,,,,(跳过),(跳过),(跳过),1,0,0,0,0,1,0,0,0,0,1,0,0,0,0,0,0,0,0,1,0,0,0,0,0,0,1,0,0,0,0,0,1,0,0,0,0,0,0,0,0,0,1,0,0,0,0,0,0,0,0,1,0,0,0,0
180,0,3,1,1,1,一种模拟人类智能行为的计算机系统或机器,否,(跳过),智能家居控制┋儿童教育与娱乐,隐私安全问题┋技术故障与不稳定性,1.0,更智能化的家居设备┋更个性化的智能助理┋更智能化的儿童教育与娱乐,完善技术┋平衡人机关系┋安全性能提升（隐私保护、防监控等）,0.0,2.0,2.0,1.0,智能家居┋无人驾驶汽车┋智能娱乐设备,(跳过),做家务的机器人或者智能看护机器人,0,1,0,0,0,1,0,0,0,0,0,0,1,0,0,0,1,0,0,0,0,0,0,1,0,1,0,1,1,1,0,0,0,0,0,0,0,0,1,1,1,0,0,0,0,0,0,1,1,1,0,1,0,0,0,0
181,1,1,0,0,1,一种模拟人类智能行为的计算机系统或机器,否,(跳过),智能家居控制┋健康监测与管理┋家庭安全与监控┋日常出行┋儿童教育与娱乐┋购物与消费┋社交与娱乐,隐私安全问题┋人机关系失衡┋技术故障与不稳定性┋社会交往与互动的减少,2.0,更智能化的家居设备┋更个性化的智能助理┋更智能化的家庭健康管理┋更智能化的家庭安全与监控┋更智能化的儿童教育与娱乐,完善技术┋更加便利┋安全性能提升（隐私保护、防监控等）,0.0,0.0,2.0,1.0,智能家居┋无人驾驶汽车┋健康追踪系统（监控睡眠状况、血压水平等）,(跳过),把价格打下来,0,1,0,0,0,1,0,0,0,0,0,1,1,0,1,1,1,1,1,0,1,0,0,1,1,1,0,1,1,1,1,1,0,0,0,0,0,0,1,1,0,1,0,1,0,0,0,1,0,1,0,1,0,0,0,0
182,1,1,0,2,1,一种模拟人类智能行为的计算机系统或机器,是,提高了生活的便利性┋提高了生活的舒适度┋提高了生活的娱乐性,智能家居控制┋健康监测与管理┋家庭安全与监控┋日常出行┋购物与消费,隐私安全问题┋人机关系失衡┋技术故障与不稳定性,1.0,更智能化的家居设备┋更个性化的智能助理┋更智能化的家庭安全与监控,完善技术┋个性化体验┋平衡人机关系┋安全性能提升（隐私保护、防监控等）,0.0,3.0,1.0,1.0,智能家居┋无人驾驶汽车┋智能车载┋健康追踪系统（监控睡眠状况、血压水平等）┋智能娱乐设备,(跳过),更加贴近大众生活,0,1,0,0,0,0,1,1,0,1,0,1,0,0,1,1,1,0,1,0,1,0,0,1,0,1,0,1,0,1,0,1,0,0,1,0,0,0,1,1,1,0,0,1,0,0,0,1,1,1,1,1,0,0,0,0
183,0,3,1,2,2,一种模拟人类智能行为的计算机系统或机器,否,(跳过),智能家居控制┋健康监测与管理┋家庭安全与监控┋日常出行,隐私安全问题┋人机关系失衡┋对人类智力的替代性威胁,2.0,更智能化的家居设备┋更个性化的智能助理┋更智能化的家庭健康管理,完善技术┋更加便利┋个性化体验┋平衡人机关系,1.0,3.0,2.0,1.0,智能家居,(跳过),无,0,1,0,0,0,1,0,0,0,0,0,1,0,0,1,1,1,0,0,0,1,0,1,0,0,1,0,1,0,1,1,0,0,0,1,0,0,0,0,1,1,1,0,0,0,0,0,0,0,1,0,1,0,0,0,0
184,0,3,1,1,1,一种模拟人类智能行为的计算机系统或机器,是,提高了生活的便利性┋提高了生活的娱乐性,智能家居控制┋购物与消费,隐私安全问题┋人机关系失衡┋技术故障与不稳定性,2.0,更智能化的家居设备,更加便利┋与人的情感交流,0.0,3.0,2.0,1.0,无人驾驶汽车,(跳过),结合人工智能，替代重复性脑力工作,0,1,0,0,0,0,1,1,0,0,0,0,0,0,0,0,1,0,1,0,1,0,0,1,0,1,0,0,0,1,0,0,0,1,0,0,0,0,0,0,0,1,0,0,0,0,0,1,0,0,0,1,0,0,0,0
185,1,4,2,1,1,一种模拟人类智能行为的计算机系统或机器,是,提高了生活的便利性┋提高了生活的安全性┋提高了生活的舒适度┋提高了生活的娱乐性,智能家居控制┋健康监测与管理┋家庭安全与监控┋日常出行┋儿童教育与娱乐┋购物与消费┋社交与娱乐,隐私安全问题┋人机关系失衡┋技术故障与不稳定性┋对人类智力的替代性威胁┋社会交往与互动的减少,1.0,更智能化的家居设备┋更个性化的智能助理┋更智能化的家庭健康管理┋更智能化的家庭安全与监控┋更智能化的儿童教育与娱乐,完善技术┋个性化体验┋安全性能提升（隐私保护、防监控等）,0.0,3.0,1.0,1.0,智能家居┋无人驾驶汽车┋智能车载┋健康追踪系统（监控睡眠状况、血压水平等）┋智能娱乐设备,(跳过),能为人们带来便利,0,1,0,0,0,0,1,1,1,1,0,1,1,0,1,1,1,1,1,0,1,0,1,1,1,1,0,1,1,1,1,1,0,0,1,0,0,0,1,1,0,0,0,1,0,0,0,1,1,1,1,1,0,0,0,0
186,1,1,0,2,2,一种模拟人类智能行为的计算机系统或机器,是,提高了生活的便利性┋提高了生活的舒适度,智能家居控制┋健康监测与管理┋家庭安全与监控┋日常出行┋购物与消费,隐私安全问题┋人机关系失衡┋技术故障与不稳定性┋对人类智力的替代性威胁┋社会交往与互动的减少,2.0,更智能化的家居设备┋更智能化的家庭健康管理,完善技术┋更加便利┋个性化体验┋平衡人机关系┋安全性能提升（隐私保护、防监控等）,1.0,3.0,2.0,1.0,智能家居┋健康追踪系统（监控睡眠状况、血压水平等）,(跳过),注重隐私,0,1,0,0,0,0,1,0,0,1,0,1,0,0,1,1,1,0,1,0,1,0,1,1,1,1,0,0,0,1,1,0,0,0,1,0,0,0,1,1,1,1,0,1,0,0,0,0,0,1,0,1,0,0,0,0
187,1,1,0,2,2,一种模拟人类智能行为的计算机系统或机器,是,提高了生活的便利性,智能家居控制┋健康监测与管理┋家庭安全与监控┋购物与消费┋社交与娱乐,隐私安全问题┋技术故障与不稳定性,2.0,更智能化的家居设备┋更个性化的智能助理┋更智能化的家庭健康管理┋更智能化的家庭安全与监控┋更智能化的儿童教育与娱乐,完善技术┋更加便利┋个性化体验┋平衡人机关系┋安全性能提升（隐私保护、防监控等）,1.0,3.0,2.0,1.0,智能家居┋智能车载┋健康追踪系统（监控睡眠状况、血压水平等）┋智能娱乐设备,(跳过),人工智能让生活更美好，但是花费不用那么高，降低成本，走进普罗万众的家,0,1,0,0,0,0,1,0,0,0,0,1,0,0,1,0,1,1,1,0,0,0,0,1,0,1,0,1,1,1,1,1,0,0,1,0,0,0,1,1,1,1,0,1,0,0,0,0,1,1,1,1,0,0,0,0
188,1,3,1,1,1,一种模拟人类智能行为的计算机系统或机器,是,提高了生活的便利性┋提高了生活的安全性┋提高了生活的舒适度┋提高了生活的娱乐性,智能家居控制┋健康监测与管理┋家庭安全与监控,隐私安全问题┋人机关系失衡┋技术故障与不稳定性,2.0,更智能化的家居设备┋更个性化的智能助理┋更智能化的家庭健康管理┋更智能化的家庭安全与监控┋更智能化的儿童教育与娱乐,完善技术┋更加便利┋个性化体验┋平衡人机关系┋安全性能提升（隐私保护、防监控等）┋与人的情感交流,0.0,3.0,2.0,1.0,智能家居┋无人驾驶汽车┋智能车载┋健康追踪系统（监控睡眠状况、血压水平等）,(跳过),提供更多的系统或设备让生活更智能,0,1,0,0,0,0,1,1,1,1,0,1,0,0,1,0,1,0,0,0,1,0,0,1,0,1,0,1,1,1,1,1,0,1,1,0,0,0,1,1,1,1,0,1,0,0,0,1,0,1,1,1,0,0,0,0
189,1,4,2,1,0,(跳过),(跳过),(跳过),(跳过),(跳过),,(跳过),(跳过),,,,,(跳过),(跳过),(跳过),1,0,0,0,0,1,0,0,0,0,1,0,0,0,0,0,0,0,0,1,0,0,0,0,0,0,1,0,0,0,0,0,1,0,0,0,0,0,0,0,0,0,1,0,0,0,0,0,0,0,0,1,0,0,0,0
190,1,3,1,1,1,一种模拟人类智能行为的计算机系统或机器,是,提高了生活的便利性┋提高了生活的安全性┋提高了生活的舒适度┋提高了生活的娱乐性,智能家居控制┋健康监测与管理┋家庭安全与监控┋日常出行┋儿童教育与娱乐┋购物与消费┋社交与娱乐,隐私安全问题┋人机关系失衡┋技术故障与不稳定性,2.0,更智能化的家居设备┋更个性化的智能助理┋更智能化的家庭健康管理┋更智能化的家庭安全与监控┋更智能化的儿童教育与娱乐,完善技术┋更加便利┋个性化体验┋平衡人机关系┋安全性能提升（隐私保护、防监控等）┋与人的情感交流,0.0,3.0,2.0,1.0,无人驾驶汽车┋智能车载,(跳过),没有,0,1,0,0,0,0,1,1,1,1,0,1,1,0,1,1,1,1,1,0,1,0,0,1,0,1,0,1,1,1,1,1,0,1,1,0,0,0,1,1,1,1,0,0,0,0,0,1,0,0,1,1,0,0,0,0
191,0,2,2,1,1,一种模拟人类智能行为的计算机系统或机器,否,(跳过),智能家居控制┋日常出行,隐私安全问题┋人机关系失衡,1.0,更智能化的家居设备┋更智能化的家庭安全与监控,完善技术┋平衡人机关系┋安全性能提升（隐私保护、防监控等）,0.0,3.0,0.0,0.0,(跳过),安全性不确定（担心监视、信息泄露等）,完善技术,0,1,0,0,0,1,0,0,0,0,0,0,0,0,0,1,1,0,0,0,1,0,0,0,0,1,0,0,0,1,0,1,0,0,0,0,0,0,1,1,1,0,1,0,0,0,0,0,0,0,0,0,0,0,1,0
192,0,5,6,1,0,(跳过),(跳过),(跳过),(跳过),(跳过),,(跳过),(跳过),,,,,(跳过),(跳过),(跳过),1,0,0,0,0,1,0,0,0,0,1,0,0,0,0,0,0,0,0,1,0,0,0,0,0,0,1,0,0,0,0,0,1,0,0,0,0,0,0,0,0,0,1,0,0,0,0,0,0,0,0,1,0,0,0,0
193,1,1,0,1,1,一种模拟人类智能行为的计算机系统或机器,是,提高了生活的舒适度,健康监测与管理,人机关系失衡┋对人类智力的替代性威胁,2.0,更个性化的智能助理┋更智能化的家庭安全与监控,更加便利┋平衡人机关系,1.0,2.0,0.0,0.0,(跳过),价格太贵,挺好,0,1,0,0,0,0,0,0,0,1,0,1,0,0,0,0,0,0,0,0,1,0,1,0,0,0,0,1,0,0,0,1,0,0,0,0,0,0,0,0,1,1,1,0,0,0,0,0,0,0,0,0,1,0,0,0
194,0,1,7,2,1,一种模拟人类智能行为的计算机系统或机器,否,(跳过),智能家居控制┋健康监测与管理┋家庭安全与监控┋日常出行┋儿童教育与娱乐┋购物与消费┋社交与娱乐,隐私安全问题┋人机关系失衡┋技术故障与不稳定性┋对人类智力的替代性威胁┋社会交往与互动的减少,1.0,更智能化的家居设备┋更个性化的智能助理┋更智能化的家庭健康管理┋更智能化的家庭安全与监控┋更智能化的儿童教育与娱乐,完善技术┋更加便利┋个性化体验┋平衡人机关系┋安全性能提升（隐私保护、防监控等）┋与人的情感交流,1.0,3.0,1.0,1.0,智能家居┋无人驾驶汽车,(跳过),希望能有更多人工智能设备被开发出来,0,1,0,0,0,1,0,0,0,0,0,1,1,0,1,1,1,1,1,0,1,0,1,1,1,1,0,1,1,1,1,1,0,1,1,0,0,0,1,1,1,1,0,0,0,0,0,1,0,1,0,1,0,0,0,0
195,0,3,1,1,1,一种模拟人类智能行为的计算机系统或机器,是,提高了生活的便利性┋提高了生活的舒适度,健康监测与管理┋儿童教育与娱乐,技术故障与不稳定性┋社会交往与互动的减少,2.0,更智能化的家居设备┋更个性化的智能助理,完善技术┋更加便利,0.0,3.0,2.0,1.0,智能家居┋智能娱乐设备,(跳过),更多元化，降低成本。,0,1,0,0,0,0,1,0,0,1,0,1,1,0,0,0,0,0,0,0,0,0,0,1,1,0,0,1,0,1,0,0,0,0,0,0,0,0,0,1,0,1,0,0,0,0,0,0,1,1,0,1,0,0,0,0
196,1,3,2,1,2,一种模拟人类智能行为的计算机系统或机器,是,提高了生活的便利性┋提高了生活的安全性┋提高了生活的舒适度┋提高了生活的娱乐性,智能家居控制┋家庭安全与监控┋儿童教育与娱乐,隐私安全问题,2.0,更智能化的家居设备┋更智能化的家庭安全与监控,更加便利,0.0,3.0,2.0,1.0,智能家居┋其他（请注明）〖育儿智能助手，智能养老助手〗,(跳过),解放人类双手，减少人类劳动时间,0,1,0,0,0,0,1,1,1,1,0,0,1,0,1,0,1,0,0,0,0,0,0,0,0,1,0,0,0,1,0,1,0,0,0,0,0,0,0,0,0,1,0,0,0,1,0,0,0,1,0,1,0,0,0,0
197,0,4,6,1,2,一种模拟人类智能行为的计算机系统或机器,是,提高了生活的便利性┋提高了生活的舒适度┋提高了生活的娱乐性,智能家居控制┋健康监测与管理┋家庭安全与监控┋日常出行┋儿童教育与娱乐┋购物与消费┋社交与娱乐,人机关系失衡┋技术故障与不稳定性┋社会交往与互动的减少,2.0,更智能化的家居设备┋更个性化的智能助理,完善技术┋平衡人机关系,0.0,3.0,0.0,1.0,智能家居┋无人驾驶汽车┋智能车载┋健康追踪系统（监控睡眠状况、血压水平等）┋智能娱乐设备,(跳过),暂无,0,1,0,0,0,0,1,1,0,1,0,1,1,0,1,1,1,1,1,0,1,0,0,1,1,0,0,1,0,1,0,0,0,0,0,0,0,0,0,1,1,0,0,1,0,0,0,1,1,1,1,1,0,0,0,0
198,0,4,2,1,1,一种模拟人类智能行为的计算机系统或机器┋其他（请注明）,是,提高了生活的便利性┋提高了生活的安全性┋提高了生活的舒适度┋提高了生活的娱乐性,智能家居控制┋健康监测与管理┋家庭安全与监控┋日常出行┋儿童教育与娱乐┋购物与消费┋社交与娱乐,隐私安全问题┋人机关系失衡┋技术故障与不稳定性┋对人类智力的替代性威胁┋社会交往与互动的减少,2.0,更智能化的家居设备┋更个性化的智能助理┋更智能化的家庭健康管理┋更智能化的家庭安全与监控┋更智能化的儿童教育与娱乐,完善技术┋更加便利┋个性化体验┋平衡人机关系┋安全性能提升（隐私保护、防监控等）┋与人的情感交流,0.0,3.0,2.0,1.0,智能家居┋智能车载┋健康追踪系统（监控睡眠状况、血压水平等）┋智能娱乐设备,(跳过),满足家庭个性化需求,0,1,1,0,0,0,1,1,1,1,0,1,1,0,1,1,1,1,1,0,1,0,1,1,1,1,0,1,1,1,1,1,0,1,1,0,0,0,1,1,1,1,0,1,0,0,0,0,1,1,1,1,0,0,0,0
199,1,5,4,0,0,(跳过),(跳过),(跳过),(跳过),(跳过),,(跳过),(跳过),,,,,(跳过),(跳过),(跳过),1,0,0,0,0,1,0,0,0,0,1,0,0,0,0,0,0,0,0,1,0,0,0,0,0,0,1,0,0,0,0,0,1,0,0,0,0,0,0,0,0,0,1,0,0,0,0,0,0,0,0,1,0,0,0,0
200,1,4,1,1,1,一种模拟人类智能行为的计算机系统或机器,否,(跳过),智能家居控制┋健康监测与管理┋家庭安全与监控┋儿童教育与娱乐┋购物与消费┋社交与娱乐,隐私安全问题┋技术故障与不稳定性┋对人类智力的替代性威胁,2.0,更智能化的家居设备┋更个性化的智能助理┋更智能化的家庭健康管理┋更智能化的家庭安全与监控┋更智能化的儿童教育与娱乐,完善技术┋更加便利┋个性化体验┋安全性能提升（隐私保护、防监控等）,0.0,3.0,1.0,1.0,智能家居┋健康追踪系统（监控睡眠状况、血压水平等）┋智能娱乐设备,(跳过),技术更成熟,0,1,0,0,0,1,0,0,0,0,0,1,1,0,1,0,1,1,1,0,0,0,1,1,0,1,0,1,1,1,1,1,0,0,1,0,0,0,1,1,0,1,0,1,0,0,0,0,1,1,0,1,0,0,0,0
201,0,5,1,1,2,一种模拟人类智能行为的计算机系统或机器,是,提高了生活的便利性┋提高了生活的舒适度,智能家居控制┋健康监测与管理┋家庭安全与监控,隐私安全问题┋人机关系失衡┋技术故障与不稳定性┋对人类智力的替代性威胁,2.0,更智能化的家居设备┋更智能化的家庭健康管理┋更智能化的家庭安全与监控,更加便利┋平衡人机关系┋安全性能提升（隐私保护、防监控等）,0.0,3.0,2.0,1.0,智能家居┋健康追踪系统（监控睡眠状况、血压水平等）,(跳过),无,0,1,0,0,0,0,1,0,0,1,0,1,0,0,1,0,1,0,0,0,1,0,1,1,0,1,0,0,0,1,1,1,0,0,0,0,0,0,1,0,1,1,0,1,0,0,0,0,0,1,0,1,0,0,0,0
202,0,5,7,1,0,(跳过),(跳过),(跳过),(跳过),(跳过),,(跳过),(跳过),,,,,(跳过),(跳过),(跳过),1,0,0,0,0,1,0,0,0,0,1,0,0,0,0,0,0,0,0,1,0,0,0,0,0,0,1,0,0,0,0,0,1,0,0,0,0,0,0,0,0,0,1,0,0,0,0,0,0,0,0,1,0,0,0,0
203,1,4,2,2,1,就是机器人┋一种模拟人类智能行为的计算机系统或机器,是,提高了生活的便利性┋提高了生活的安全性┋提高了生活的舒适度┋提高了生活的娱乐性,智能家居控制┋健康监测与管理┋家庭安全与监控┋购物与消费┋社交与娱乐,隐私安全问题┋人机关系失衡┋技术故障与不稳定性┋对人类智力的替代性威胁┋社会交往与互动的减少,1.0,更智能化的家居设备┋更个性化的智能助理┋更智能化的家庭健康管理┋更智能化的家庭安全与监控┋更智能化的儿童教育与娱乐,完善技术┋个性化体验┋平衡人机关系┋安全性能提升（隐私保护、防监控等）,0.0,3.0,2.0,1.0,智能家居┋智能车载┋健康追踪系统（监控睡眠状况、血压水平等）,(跳过),越来越好,0,1,0,0,1,0,1,1,1,1,0,1,0,0,1,0,1,1,1,0,1,0,1,1,1,1,0,1,1,1,1,1,0,0,1,0,0,0,1,1,1,0,0,1,0,0,0,0,0,1,1,1,0,0,0,0
204,0,4,1,1,1,一种模拟人类智能行为的计算机系统或机器,否,(跳过),智能家居控制┋健康监测与管理┋家庭安全与监控,人机关系失衡┋技术故障与不稳定性┋社会交往与互动的减少,2.0,更智能化的家居设备┋更个性化的智能助理┋更智能化的家庭安全与监控,平衡人机关系┋安全性能提升（隐私保护、防监控等）┋与人的情感交流,0.0,3.0,2.0,1.0,智能家居┋无人驾驶汽车┋健康追踪系统（监控睡眠状况、血压水平等）,(跳过),无,0,1,0,0,0,1,0,0,0,0,0,1,0,0,1,0,1,0,0,0,1,0,0,1,1,0,0,1,0,1,0,1,0,1,0,0,0,0,1,0,1,0,0,1,0,0,0,1,0,1,0,1,0,0,0,0
205,1,5,2,1,2,一种模拟人类智能行为的计算机系统或机器,是,提高了生活的便利性┋提高了生活的安全性┋提高了生活的舒适度┋提高了生活的娱乐性,智能家居控制┋健康监测与管理┋家庭安全与监控┋日常出行┋儿童教育与娱乐┋购物与消费┋社交与娱乐,隐私安全问题┋技术故障与不稳定性┋社会交往与互动的减少,2.0,更智能化的家居设备┋更个性化的智能助理┋更智能化的家庭健康管理┋更智能化的家庭安全与监控┋更智能化的儿童教育与娱乐,完善技术┋更加便利┋个性化体验┋平衡人机关系┋安全性能提升（隐私保护、防监控等）,0.0,3.0,0.0,1.0,智能家居┋智能车载┋健康追踪系统（监控睡眠状况、血压水平等）,(跳过),无,0,1,0,0,0,0,1,1,1,1,0,1,1,0,1,1,1,1,1,0,0,0,0,1,1,1,0,1,1,1,1,1,0,0,1,0,0,0,1,1,1,1,0,1,0,0,0,0,0,1,1,1,0,0,0,0
206,1,3,3,2,1,就是机器人┋一种模拟人类智能行为的计算机系统或机器,是,提高了生活的便利性,智能家居控制┋健康监测与管理┋家庭安全与监控,隐私安全问题┋人机关系失衡┋技术故障与不稳定性┋社会交往与互动的减少,1.0,更智能化的家居设备┋更个性化的智能助理┋更智能化的家庭健康管理┋更智能化的家庭安全与监控┋更智能化的儿童教育与娱乐,完善技术┋平衡人机关系┋安全性能提升（隐私保护、防监控等）,1.0,3.0,2.0,1.0,智能家居,(跳过),安全,0,1,0,0,1,0,1,0,0,0,0,1,0,0,1,0,1,0,0,0,1,0,0,1,1,1,0,1,1,1,1,1,0,0,0,0,0,0,1,1,1,0,0,0,0,0,0,0,0,1,0,1,0,0,0,0
207,1,4,1,1,1,一种模拟人类智能行为的计算机系统或机器,是,提高了生活的舒适度,智能家居控制┋日常出行┋购物与消费,隐私安全问题┋技术故障与不稳定性,2.0,更智能化的家居设备┋更个性化的智能助理┋更智能化的家庭健康管理┋更智能化的家庭安全与监控,完善技术┋更加便利┋个性化体验┋安全性能提升（隐私保护、防监控等）,0.0,2.0,2.0,1.0,智能家居┋无人驾驶汽车┋智能车载┋健康追踪系统（监控睡眠状况、血压水平等）,(跳过),使用更便捷，费用更优惠。,0,1,0,0,0,0,0,0,0,1,0,0,0,0,0,1,1,0,1,0,0,0,0,1,0,1,0,1,0,1,1,1,0,0,1,0,0,0,1,1,0,1,0,1,0,0,0,1,0,1,1,1,0,0,0,0
208,1,4,2,1,1,就是机器人┋一种模拟人类智能行为的计算机系统或机器,是,提高了生活的便利性┋提高了生活的安全性┋提高了生活的舒适度┋提高了生活的娱乐性,智能家居控制┋健康监测与管理┋家庭安全与监控┋日常出行┋儿童教育与娱乐┋购物与消费┋社交与娱乐,隐私安全问题┋人机关系失衡┋技术故障与不稳定性┋对人类智力的替代性威胁┋社会交往与互动的减少,2.0,更智能化的家居设备┋更个性化的智能助理┋更智能化的家庭健康管理┋更智能化的家庭安全与监控┋更智能化的儿童教育与娱乐,完善技术┋更加便利┋个性化体验┋平衡人机关系┋安全性能提升（隐私保护、防监控等）┋与人的情感交流,0.0,3.0,2.0,1.0,智能家居┋无人驾驶汽车┋智能车载┋健康追踪系统（监控睡眠状况、血压水平等）┋智能娱乐设备,(跳过),提高安全性,0,1,0,0,1,0,1,1,1,1,0,1,1,0,1,1,1,1,1,0,1,0,1,1,1,1,0,1,1,1,1,1,0,1,1,0,0,0,1,1,1,1,0,1,0,0,0,1,1,1,1,1,0,0,0,0
209,0,4,2,1,2,一种模拟人类智能行为的计算机系统或机器,否,(跳过),智能家居控制┋健康监测与管理┋日常出行┋儿童教育与娱乐,隐私安全问题┋人机关系失衡┋对人类智力的替代性威胁,2.0,更智能化的家居设备┋更智能化的家庭健康管理┋更智能化的家庭安全与监控┋更智能化的儿童教育与娱乐,完善技术┋个性化体验┋安全性能提升（隐私保护、防监控等）,1.0,3.0,1.0,1.0,无人驾驶汽车┋健康追踪系统（监控睡眠状况、血压水平等）,(跳过),无,0,1,0,0,0,1,0,0,0,0,0,1,1,0,0,1,1,0,0,0,1,0,1,0,0,1,0,0,1,1,1,1,0,0,1,0,0,0,1,1,0,0,0,1,0,0,0,1,0,0,0,1,0,0,0,0
210,1,5,2,1,2,一种模拟人类智能行为的计算机系统或机器,否,(跳过),智能家居控制┋健康监测与管理┋家庭安全与监控┋日常出行┋儿童教育与娱乐┋购物与消费┋社交与娱乐,隐私安全问题┋人机关系失衡┋技术故障与不稳定性┋对人类智力的替代性威胁,2.0,更智能化的家居设备┋更智能化的家庭健康管理┋更智能化的家庭安全与监控┋更智能化的儿童教育与娱乐,完善技术┋更加便利┋平衡人机关系┋安全性能提升（隐私保护、防监控等）,0.0,3.0,2.0,1.0,智能家居┋健康追踪系统（监控睡眠状况、血压水平等）,(跳过),老年人的照顾和健康检测,0,1,0,0,0,1,0,0,0,0,0,1,1,0,1,1,1,1,1,0,1,0,1,1,0,1,0,0,1,1,1,1,0,0,0,0,0,0,1,1,1,1,0,1,0,0,0,0,0,1,0,1,0,0,0,0
211,0,1,0,1,2,一种模拟人类智能行为的计算机系统或机器,是,提高了生活的便利性┋提高了生活的舒适度┋提高了生活的娱乐性,智能家居控制┋健康监测与管理┋家庭安全与监控┋日常出行┋购物与消费┋社交与娱乐,隐私安全问题┋技术故障与不稳定性┋社会交往与互动的减少,1.0,更智能化的家居设备┋更个性化的智能助理┋更智能化的家庭健康管理┋更智能化的家庭安全与监控,完善技术┋个性化体验┋平衡人机关系┋安全性能提升（隐私保护、防监控等）,1.0,3.0,1.0,1.0,智能家居┋健康追踪系统（监控睡眠状况、血压水平等）┋智能娱乐设备,(跳过),暂无,0,1,0,0,0,0,1,1,0,1,0,1,0,0,1,1,1,1,1,0,0,0,0,1,1,1,0,1,0,1,1,1,0,0,1,0,0,0,1,1,1,0,0,1,0,0,0,0,1,1,0,1,0,0,0,0
212,0,5,6,1,2,就是机器人┋一种模拟人类智能行为的计算机系统或机器,是,提高了生活的便利性┋提高了生活的安全性┋提高了生活的舒适度┋提高了生活的娱乐性,家庭安全与监控┋日常出行┋购物与消费┋社交与娱乐,隐私安全问题┋社会交往与互动的减少,2.0,更个性化的智能助理┋更智能化的家庭健康管理┋更智能化的家庭安全与监控,完善技术┋更加便利┋安全性能提升（隐私保护、防监控等）,0.0,3.0,2.0,1.0,无人驾驶汽车┋智能车载┋健康追踪系统（监控睡眠状况、血压水平等）,(跳过),各个方面的安全！,0,1,0,0,1,0,1,1,1,1,0,0,0,0,1,1,0,1,1,0,0,0,0,0,1,1,0,1,0,0,1,1,0,0,0,0,0,0,1,1,0,1,0,1,0,0,0,1,0,0,1,1,0,0,0,0
213,1,1,0,1,1,一种模拟人类智能行为的计算机系统或机器,否,(跳过),智能家居控制┋健康监测与管理┋家庭安全与监控┋日常出行┋儿童教育与娱乐┋购物与消费┋社交与娱乐,隐私安全问题┋人机关系失衡┋技术故障与不稳定性┋社会交往与互动的减少,1.0,更个性化的智能助理,完善技术┋更加便利┋个性化体验┋平衡人机关系┋安全性能提升（隐私保护、防监控等）┋与人的情感交流,0.0,3.0,1.0,1.0,智能家居┋健康追踪系统（监控睡眠状况、血压水平等）┋智能娱乐设备,(跳过),无,0,1,0,0,0,1,0,0,0,0,0,1,1,0,1,1,1,1,1,0,1,0,0,1,1,1,0,1,0,0,0,0,0,1,1,0,0,0,1,1,1,1,0,1,0,0,0,0,1,1,0,1,0,0,0,0
214,0,1,0,0,2,就是机器人┋一种模拟人类智能行为的计算机系统或机器,否,(跳过),智能家居控制┋健康监测与管理┋家庭安全与监控┋儿童教育与娱乐,隐私安全问题┋人机关系失衡┋技术故障与不稳定性┋社会交往与互动的减少,1.0,更智能化的家居设备┋更智能化的家庭健康管理┋更智能化的家庭安全与监控,完善技术┋更加便利┋个性化体验┋平衡人机关系┋安全性能提升（隐私保护、防监控等）,0.0,3.0,1.0,1.0,智能家居┋智能车载┋健康追踪系统（监控睡眠状况、血压水平等）┋智能娱乐设备,(跳过),期待更简单便捷便宜的人工智能,0,1,0,0,1,1,0,0,0,0,0,1,1,0,1,0,1,0,0,0,1,0,0,1,1,1,0,0,0,1,1,1,0,0,1,0,0,0,1,1,1,1,0,1,0,0,0,0,1,1,1,1,0,0,0,0
215,0,1,0,2,2,一种模拟人类智能行为的计算机系统或机器,是,提高了生活的便利性,智能家居控制┋健康监测与管理┋日常出行┋社交与娱乐,隐私安全问题┋技术故障与不稳定性,1.0,更智能化的家居设备┋更个性化的智能助理┋更智能化的家庭健康管理┋更智能化的家庭安全与监控┋更智能化的儿童教育与娱乐,完善技术┋安全性能提升（隐私保护、防监控等）,0.0,3.0,1.0,1.0,智能家居┋无人驾驶汽车┋智能车载┋健康追踪系统（监控睡眠状况、血压水平等）┋智能娱乐设备,(跳过),无,0,1,0,0,0,0,1,0,0,0,0,1,0,0,0,1,1,1,0,0,0,0,0,1,0,1,0,1,1,1,1,1,0,0,0,0,0,0,1,1,0,0,0,1,0,0,0,1,1,1,1,1,0,0,0,0
216,0,1,0,3,3,一种模拟人类智能行为的计算机系统或机器,是,提高了生活的便利性┋提高了生活的安全性┋提高了生活的舒适度┋提高了生活的娱乐性,智能家居控制┋健康监测与管理┋家庭安全与监控┋儿童教育与娱乐,隐私安全问题┋技术故障与不稳定性┋社会交往与互动的减少,2.0,更智能化的家居设备┋更智能化的家庭健康管理,更加便利┋平衡人机关系,1.0,3.0,2.0,1.0,智能家居┋智能车载,(跳过),.,0,1,0,0,0,0,1,1,1,1,0,1,1,0,1,0,1,0,0,0,0,0,0,1,1,1,0,0,0,1,1,0,0,0,0,0,0,0,0,0,1,1,0,0,0,0,0,0,0,1,1,1,0,0,0,0
217,0,5,1,1,2,一种模拟人类智能行为的计算机系统或机器,是,提高了生活的便利性┋提高了生活的安全性┋提高了生活的舒适度┋提高了生活的娱乐性,智能家居控制┋健康监测与管理┋家庭安全与监控,隐私安全问题┋技术故障与不稳定性,1.0,更智能化的家居设备┋更个性化的智能助理┋更智能化的家庭健康管理,完善技术┋更加便利┋个性化体验,0.0,3.0,2.0,1.0,智能家居┋无人驾驶汽车,(跳过),无,0,1,0,0,0,0,1,1,1,1,0,1,0,0,1,0,1,0,0,0,0,0,0,1,0,1,0,1,0,1,1,0,0,0,1,0,0,0,0,1,0,1,0,0,0,0,0,1,0,1,0,1,0,0,0,0
218,0,4,2,1,1,一种模拟人类智能行为的计算机系统或机器,否,(跳过),智能家居控制┋健康监测与管理┋家庭安全与监控,隐私安全问题┋技术故障与不稳定性┋对人类智力的替代性威胁,1.0,更智能化的家居设备┋更个性化的智能助理┋更智能化的家庭健康管理,完善技术┋更加便利,1.0,3.0,2.0,1.0,智能家居┋无人驾驶汽车┋健康追踪系统（监控睡眠状况、血压水平等）,(跳过),无,0,1,0,0,0,1,0,0,0,0,0,1,0,0,1,0,1,0,0,0,0,0,1,1,0,1,0,1,0,1,1,0,0,0,0,0,0,0,0,1,0,1,0,1,0,0,0,1,0,1,0,1,0,0,0,0
219,1,4,1,1,1,一种模拟人类智能行为的计算机系统或机器,是,提高了生活的便利性┋提高了生活的安全性┋提高了生活的舒适度,智能家居控制┋家庭安全与监控,隐私安全问题┋技术故障与不稳定性┋社会交往与互动的减少,2.0,更智能化的家居设备┋更智能化的家庭健康管理┋更智能化的家庭安全与监控,完善技术┋安全性能提升（隐私保护、防监控等）,0.0,3.0,1.0,1.0,智能家居┋健康追踪系统（监控睡眠状况、血压水平等）,(跳过),无,0,1,0,0,0,0,1,0,1,1,0,0,0,0,1,0,1,0,0,0,0,0,0,1,1,1,0,0,0,1,1,1,0,0,0,0,0,0,1,1,0,0,0,1,0,0,0,0,0,1,0,1,0,0,0,0
220,1,2,4,0,1,一种模拟人类智能行为的计算机系统或机器,是,提高了生活的娱乐性,日常出行,对人类智力的替代性威胁,0.0,更智能化的儿童教育与娱乐,更加便利,0.0,1.0,0.0,1.0,智能家居,(跳过),无,0,1,0,0,0,0,0,1,0,0,0,0,0,0,0,1,0,0,0,0,0,0,1,0,0,0,0,0,1,0,0,0,0,0,0,0,0,0,0,0,0,1,0,0,0,0,0,0,0,1,0,1,0,0,0,0
221,1,3,7,1,2,就是机器人┋一种模拟人类智能行为的计算机系统或机器,是,提高了生活的便利性┋提高了生活的安全性┋提高了生活的舒适度┋提高了生活的娱乐性,智能家居控制┋健康监测与管理┋家庭安全与监控┋儿童教育与娱乐,隐私安全问题┋人机关系失衡┋技术故障与不稳定性┋对人类智力的替代性威胁,1.0,更个性化的智能助理┋更智能化的家庭健康管理┋更智能化的家庭安全与监控,完善技术┋个性化体验┋平衡人机关系┋安全性能提升（隐私保护、防监控等）,1.0,3.0,1.0,1.0,智能家居┋无人驾驶汽车┋智能车载┋健康追踪系统（监控睡眠状况、血压水平等）,(跳过),无,0,1,0,0,1,0,1,1,1,1,0,1,1,0,1,0,1,0,0,0,1,0,1,1,0,1,0,1,0,0,1,1,0,0,1,0,0,0,1,1,1,0,0,1,0,0,0,1,0,1,1,1,0,0,0,0
222,0,5,7,1,1,一种模拟人类智能行为的计算机系统或机器,否,(跳过),智能家居控制┋家庭安全与监控┋儿童教育与娱乐,技术故障与不稳定性┋社会交往与互动的减少,2.0,更智能化的家居设备┋更个性化的智能助理┋更智能化的家庭健康管理,完善技术┋更加便利,0.0,2.0,1.0,1.0,智能家居┋健康追踪系统（监控睡眠状况、血压水平等）,(跳过),无,0,1,0,0,0,1,0,0,0,0,0,0,1,0,1,0,1,0,0,0,0,0,0,1,1,0,0,1,0,1,1,0,0,0,0,0,0,0,0,1,0,1,0,1,0,0,0,0,0,1,0,1,0,0,0,0
223,1,3,1,1,1,一种模拟人类智能行为的计算机系统或机器,否,(跳过),智能家居控制┋健康监测与管理┋家庭安全与监控┋日常出行┋儿童教育与娱乐┋购物与消费┋社交与娱乐,隐私安全问题┋人机关系失衡┋技术故障与不稳定性┋社会交往与互动的减少,2.0,更智能化的家居设备┋更个性化的智能助理┋更智能化的家庭健康管理┋更智能化的家庭安全与监控┋更智能化的儿童教育与娱乐,完善技术┋个性化体验┋平衡人机关系,0.0,2.0,0.0,1.0,无人驾驶汽车┋健康追踪系统（监控睡眠状况、血压水平等）,(跳过),无,0,1,0,0,0,1,0,0,0,0,0,1,1,0,1,1,1,1,1,0,1,0,0,1,1,1,0,1,1,1,1,1,0,0,1,0,0,0,0,1,1,0,0,1,0,0,0,1,0,0,0,1,0,0,0,0
224,0,5,1,1,1,一种模拟人类智能行为的计算机系统或机器,是,提高了生活的便利性┋提高了生活的安全性┋提高了生活的舒适度┋提高了生活的娱乐性,智能家居控制┋家庭安全与监控,隐私安全问题┋人机关系失衡,2.0,更智能化的家居设备┋更个性化的智能助理┋更智能化的家庭安全与监控,完善技术┋个性化体验┋安全性能提升（隐私保护、防监控等）,1.0,3.0,2.0,1.0,智能家居┋无人驾驶汽车┋智能车载┋健康追踪系统（监控睡眠状况、血压水平等）┋智能娱乐设备,(跳过),无,0,1,0,0,0,0,1,1,1,1,0,0,0,0,1,0,1,0,0,0,1,0,0,0,0,1,0,1,0,1,0,1,0,0,1,0,0,0,1,1,0,0,0,1,0,0,0,1,1,1,1,1,0,0,0,0
225,0,1,2,1,1,一种模拟人类智能行为的计算机系统或机器,否,(跳过),智能家居控制┋健康监测与管理┋家庭安全与监控,隐私安全问题┋人机关系失衡┋技术故障与不稳定性,2.0,更智能化的家居设备┋更个性化的智能助理┋更智能化的家庭健康管理┋更智能化的家庭安全与监控┋更智能化的儿童教育与娱乐,完善技术┋个性化体验┋平衡人机关系┋安全性能提升（隐私保护、防监控等）,0.0,3.0,1.0,0.0,(跳过),价格太贵┋安全性不确定（担心监视、信息泄露等）,无,0,1,0,0,0,1,0,0,0,0,0,1,0,0,1,0,1,0,0,0,1,0,0,1,0,1,0,1,1,1,1,1,0,0,1,0,0,0,1,1,1,0,1,0,0,0,0,0,0,0,0,0,1,0,1,0
226,0,5,1,1,1,一种模拟人类智能行为的计算机系统或机器,否,(跳过),智能家居控制┋健康监测与管理┋家庭安全与监控,隐私安全问题┋技术故障与不稳定性,2.0,更智能化的家居设备┋更个性化的智能助理┋更智能化的家庭健康管理┋更智能化的家庭安全与监控┋更智能化的儿童教育与娱乐,完善技术┋个性化体验┋平衡人机关系┋安全性能提升（隐私保护、防监控等）,0.0,3.0,1.0,1.0,智能家居┋无人驾驶汽车┋健康追踪系统（监控睡眠状况、血压水平等）,(跳过),期待高质量高性能的智能产品进入普通家庭,0,1,0,0,0,1,0,0,0,0,0,1,0,0,1,0,1,0,0,0,0,0,0,1,0,1,0,1,1,1,1,1,0,0,1,0,0,0,1,1,1,0,0,1,0,0,0,1,0,1,0,1,0,0,0,0
227,0,4,1,1,2,一种模拟人类智能行为的计算机系统或机器,是,提高了生活的便利性┋提高了生活的舒适度┋提高了生活的娱乐性,智能家居控制┋健康监测与管理┋家庭安全与监控┋日常出行┋社交与娱乐,隐私安全问题┋技术故障与不稳定性┋社会交往与互动的减少,1.0,更智能化的家庭安全与监控,完善技术┋更加便利┋个性化体验┋平衡人机关系┋安全性能提升（隐私保护、防监控等）┋与人的情感交流,1.0,3.0,2.0,1.0,智能家居,(跳过),无,0,1,0,0,0,0,1,1,0,1,0,1,0,0,1,1,1,1,0,0,0,0,0,1,1,1,0,0,0,0,0,1,0,1,1,0,0,0,1,1,1,1,0,0,0,0,0,0,0,1,0,1,0,0,0,0
228,1,1,0,1,2,一种模拟人类智能行为的计算机系统或机器,是,提高了生活的便利性┋提高了生活的安全性┋提高了生活的舒适度┋提高了生活的娱乐性,智能家居控制┋健康监测与管理┋家庭安全与监控┋日常出行┋儿童教育与娱乐┋社交与娱乐,隐私安全问题┋技术故障与不稳定性,2.0,更智能化的家居设备┋更个性化的智能助理,完善技术┋更加便利┋安全性能提升（隐私保护、防监控等）,0.0,3.0,2.0,1.0,智能家居┋无人驾驶汽车┋智能车载┋健康追踪系统（监控睡眠状况、血压水平等）,(跳过),无,0,1,0,0,0,0,1,1,1,1,0,1,1,0,1,1,1,1,0,0,0,0,0,1,0,1,0,1,0,1,0,0,0,0,0,0,0,0,1,1,0,1,0,1,0,0,0,1,0,1,1,1,0,0,0,0
229,1,2,1,1,1,一种模拟人类智能行为的计算机系统或机器,是,提高了生活的便利性┋提高了生活的舒适度┋提高了生活的娱乐性,智能家居控制┋健康监测与管理┋家庭安全与监控┋社交与娱乐,人机关系失衡┋技术故障与不稳定性┋社会交往与互动的减少,2.0,更智能化的家居设备┋更个性化的智能助理┋更智能化的儿童教育与娱乐,完善技术┋个性化体验,0.0,3.0,2.0,1.0,智能家居┋无人驾驶汽车┋智能车载┋健康追踪系统（监控睡眠状况、血压水平等）┋智能娱乐设备,(跳过),是生活更便利,0,1,0,0,0,0,1,1,0,1,0,1,0,0,1,0,1,1,0,0,1,0,0,1,1,0,0,1,1,1,0,0,0,0,1,0,0,0,0,1,0,0,0,1,0,0,0,1,1,1,1,1,0,0,0,0
230,0,1,0,1,1,一种模拟人类智能行为的计算机系统或机器,是,提高了生活的安全性┋提高了生活的舒适度,智能家居控制┋家庭安全与监控,隐私安全问题┋技术故障与不稳定性,2.0,更智能化的家居设备┋更个性化的智能助理,完善技术┋更加便利┋平衡人机关系,0.0,1.0,2.0,1.0,智能家居┋智能车载,(跳过),无,0,1,0,0,0,0,0,0,1,1,0,0,0,0,1,0,1,0,0,0,0,0,0,1,0,1,0,1,0,1,0,0,0,0,0,0,0,0,0,1,1,1,0,0,0,0,0,0,0,1,1,1,0,0,0,0
231,1,5,1,1,2,一种模拟人类智能行为的计算机系统或机器,否,(跳过),智能家居控制┋健康监测与管理┋家庭安全与监控,隐私安全问题┋技术故障与不稳定性,1.0,更智能化的家居设备┋更个性化的智能助理┋更智能化的家庭健康管理┋更智能化的家庭安全与监控,完善技术┋更加便利┋个性化体验,1.0,3.0,2.0,0.0,(跳过),安全性不确定（担心监视、信息泄露等）,安全与智慧,0,1,0,0,0,1,0,0,0,0,0,1,0,0,1,0,1,0,0,0,0,0,0,1,0,1,0,1,0,1,1,1,0,0,1,0,0,0,0,1,0,1,1,0,0,0,0,0,0,0,0,0,0,0,1,0
232,0,1,0,2,2,一种模拟人类智能行为的计算机系统或机器,是,提高了生活的便利性┋提高了生活的安全性┋提高了生活的舒适度┋提高了生活的娱乐性,智能家居控制┋健康监测与管理┋家庭安全与监控┋日常出行,隐私安全问题┋技术故障与不稳定性,2.0,更智能化的家居设备┋更个性化的智能助理┋更智能化的家庭健康管理┋更智能化的家庭安全与监控,完善技术┋个性化体验┋安全性能提升（隐私保护、防监控等）,0.0,1.0,2.0,1.0,智能家居┋健康追踪系统（监控睡眠状况、血压水平等）┋智能娱乐设备,(跳过),解放双手,0,1,0,0,0,0,1,1,1,1,0,1,0,0,1,1,1,0,0,0,0,0,0,1,0,1,0,1,0,1,1,1,0,0,1,0,0,0,1,1,0,0,0,1,0,0,0,0,1,1,0,1,0,0,0,0
233,1,4,1,1,1,就是机器人┋一种模拟人类智能行为的计算机系统或机器,是,提高了生活的便利性┋提高了生活的舒适度┋提高了生活的娱乐性,智能家居控制┋健康监测与管理┋家庭安全与监控┋日常出行┋购物与消费┋社交与娱乐,隐私安全问题┋人机关系失衡┋技术故障与不稳定性┋社会交往与互动的减少,1.0,更个性化的智能助理┋更智能化的家庭安全与监控┋更智能化的儿童教育与娱乐,完善技术┋更加便利┋个性化体验┋平衡人机关系┋安全性能提升（隐私保护、防监控等）,1.0,3.0,2.0,1.0,智能家居┋无人驾驶汽车┋智能车载┋健康追踪系统（监控睡眠状况、血压水平等）,(跳过),无,0,1,0,0,1,0,1,1,0,1,0,1,0,0,1,1,1,1,1,0,1,0,0,1,1,1,0,1,1,0,0,1,0,0,1,0,0,0,1,1,1,1,0,1,0,0,0,1,0,1,1,1,0,0,0,0
234,0,5,1,1,1,一种模拟人类智能行为的计算机系统或机器,否,(跳过),智能家居控制┋健康监测与管理┋家庭安全与监控┋日常出行,隐私安全问题┋对人类智力的替代性威胁,2.0,更智能化的家居设备┋更个性化的智能助理┋更智能化的家庭健康管理┋更智能化的家庭安全与监控,更加便利┋安全性能提升（隐私保护、防监控等）,0.0,3.0,0.0,1.0,智能家居┋无人驾驶汽车┋健康追踪系统（监控睡眠状况、血压水平等）,(跳过),无,0,1,0,0,0,1,0,0,0,0,0,1,0,0,1,1,1,0,0,0,0,0,1,0,0,1,0,1,0,1,1,1,0,0,0,0,0,0,1,0,0,1,0,1,0,0,0,1,0,1,0,1,0,0,0,0
235,1,4,2,2,2,一种模拟人类智能行为的计算机系统或机器,是,提高了生活的便利性┋提高了生活的舒适度,智能家居控制┋健康监测与管理┋家庭安全与监控┋购物与消费,隐私安全问题,1.0,更智能化的家居设备┋更个性化的智能助理┋更智能化的家庭健康管理┋更智能化的家庭安全与监控,完善技术┋更加便利┋安全性能提升（隐私保护、防监控等）,0.0,3.0,2.0,1.0,智能家居┋智能车载┋健康追踪系统（监控睡眠状况、血压水平等）,(跳过),提高人工智能的安全和可靠性,0,1,0,0,0,0,1,0,0,1,0,1,0,0,1,0,1,0,1,0,0,0,0,0,0,1,0,1,0,1,1,1,0,0,0,0,0,0,1,1,0,1,0,1,0,0,0,0,0,1,1,1,0,0,0,0
236,0,1,0,1,2,一种模拟人类智能行为的计算机系统或机器,是,提高了生活的便利性┋提高了生活的舒适度,儿童教育与娱乐┋社交与娱乐,技术故障与不稳定性┋对人类智力的替代性威胁┋社会交往与互动的减少,2.0,更智能化的家居设备┋更个性化的智能助理┋更智能化的家庭健康管理┋更智能化的家庭安全与监控┋更智能化的儿童教育与娱乐,完善技术┋更加便利┋个性化体验┋平衡人机关系┋安全性能提升（隐私保护、防监控等）┋与人的情感交流,0.0,2.0,2.0,1.0,智能家居┋无人驾驶汽车┋智能车载┋健康追踪系统（监控睡眠状况、血压水平等）┋智能娱乐设备,(跳过),唔,0,1,0,0,0,0,1,0,0,1,0,0,1,0,0,0,0,1,0,0,0,0,1,1,1,0,0,1,1,1,1,1,0,1,1,0,0,0,1,1,1,1,0,1,0,0,0,1,1,1,1,1,0,0,0,0
237,1,1,0,0,2,一种模拟人类智能行为的计算机系统或机器,否,(跳过),智能家居控制,隐私安全问题┋技术故障与不稳定性,1.0,更智能化的家居设备┋更个性化的智能助理┋更智能化的家庭健康管理,个性化体验┋平衡人机关系┋安全性能提升（隐私保护、防监控等）,0.0,3.0,2.0,1.0,智能家居,(跳过),希望智能家居能普及到普通老百姓,0,1,0,0,0,1,0,0,0,0,0,0,0,0,0,0,1,0,0,0,0,0,0,1,0,1,0,1,0,1,1,0,0,0,1,0,0,0,1,0,1,0,0,0,0,0,0,0,0,1,0,1,0,0,0,0
238,0,1,0,1,1,一种模拟人类智能行为的计算机系统或机器,否,(跳过),智能家居控制┋健康监测与管理┋家庭安全与监控┋日常出行┋儿童教育与娱乐┋购物与消费┋社交与娱乐,隐私安全问题┋人机关系失衡┋技术故障与不稳定性┋对人类智力的替代性威胁┋社会交往与互动的减少,0.0,更智能化的家居设备┋更个性化的智能助理┋更智能化的家庭健康管理┋更智能化的家庭安全与监控┋更智能化的儿童教育与娱乐,完善技术┋更加便利┋个性化体验┋平衡人机关系┋安全性能提升（隐私保护、防监控等）┋与人的情感交流,1.0,3.0,2.0,1.0,无人驾驶汽车,(跳过),能加强家庭直接的关系而不是像瓦力机器人里面那样,0,1,0,0,0,1,0,0,0,0,0,1,1,0,1,1,1,1,1,0,1,0,1,1,1,1,0,1,1,1,1,1,0,1,1,0,0,0,1,1,1,1,0,0,0,0,0,1,0,0,0,1,0,0,0,0
239,0,4,1,2,1,一种模拟人类智能行为的计算机系统或机器,否,(跳过),智能家居控制┋健康监测与管理┋家庭安全与监控┋日常出行┋儿童教育与娱乐┋购物与消费┋社交与娱乐,隐私安全问题┋技术故障与不稳定性┋社会交往与互动的减少,1.0,更智能化的家居设备┋更个性化的智能助理┋更智能化的家庭健康管理┋更智能化的家庭安全与监控┋更智能化的儿童教育与娱乐,完善技术┋更加便利┋个性化体验┋平衡人机关系┋安全性能提升（隐私保护、防监控等）┋与人的情感交流,1.0,3.0,2.0,1.0,智能家居┋无人驾驶汽车┋智能车载┋健康追踪系统（监控睡眠状况、血压水平等）┋智能娱乐设备,(跳过),无,0,1,0,0,0,1,0,0,0,0,0,1,1,0,1,1,1,1,1,0,0,0,0,1,1,1,0,1,1,1,1,1,0,1,1,0,0,0,1,1,1,1,0,1,0,0,0,1,1,1,1,1,0,0,0,0
240,0,4,1,1,2,一种模拟人类智能行为的计算机系统或机器,否,(跳过),智能家居控制┋健康监测与管理┋家庭安全与监控┋日常出行┋儿童教育与娱乐┋购物与消费┋社交与娱乐,隐私安全问题,2.0,更智能化的家居设备┋更个性化的智能助理┋更智能化的家庭健康管理┋更智能化的家庭安全与监控┋更智能化的儿童教育与娱乐,完善技术┋更加便利┋个性化体验┋安全性能提升（隐私保护、防监控等）,0.0,3.0,2.0,1.0,智能家居┋无人驾驶汽车┋智能车载┋健康追踪系统（监控睡眠状况、血压水平等）┋智能娱乐设备,(跳过),无,0,1,0,0,0,1,0,0,0,0,0,1,1,0,1,1,1,1,1,0,0,0,0,0,0,1,0,1,1,1,1,1,0,0,1,0,0,0,1,1,0,1,0,1,0,0,0,1,1,1,1,1,0,0,0,0
241,0,5,1,2,3,一种模拟人类智能行为的计算机系统或机器,是,提高了生活的便利性┋提高了生活的安全性┋提高了生活的舒适度┋提高了生活的娱乐性,智能家居控制┋健康监测与管理┋家庭安全与监控┋日常出行┋儿童教育与娱乐┋购物与消费┋社交与娱乐,隐私安全问题┋人机关系失衡,2.0,更智能化的家居设备┋更个性化的智能助理┋更智能化的家庭健康管理┋更智能化的家庭安全与监控┋更智能化的儿童教育与娱乐,完善技术┋个性化体验┋与人的情感交流,0.0,2.0,2.0,1.0,智能家居┋智能车载┋健康追踪系统（监控睡眠状况、血压水平等）,(跳过),无,0,1,0,0,0,0,1,1,1,1,0,1,1,0,1,1,1,1,1,0,1,0,0,0,0,1,0,1,1,1,1,1,0,1,1,0,0,0,0,1,0,0,0,1,0,0,0,0,0,1,1,1,0,0,0,0
